,min_x,min_y,max_x,max_y
0,113.0625,-39.3276,113.8625,-38.5276
1,113.0625,-38.5276,113.8625,-37.7276
2,113.0625,-37.7276,113.8625,-36.9276
3,113.0625,-36.9276,113.8625,-36.1276
4,113.0625,-36.1276,113.8625,-35.3276
5,113.0625,-35.3276,113.8625,-34.5276
6,113.0625,-34.5276,113.8625,-33.7276
7,113.0625,-33.7276,113.8625,-32.9276
8,113.0625,-32.9276,113.8625,-32.1276
9,113.0625,-32.1276,113.8625,-31.3276
10,113.0625,-31.3276,113.8625,-30.5276
11,113.0625,-30.5276,113.8625,-29.7276
12,113.0625,-29.7276,113.8625,-28.9276
13,113.0625,-28.9276,113.8625,-28.1276
14,113.0625,-28.1276,113.8625,-27.3276
15,113.0625,-27.3276,113.8625,-26.5276
16,113.0625,-26.5276,113.8625,-25.7276
17,113.0625,-25.7276,113.8625,-24.9276
18,113.0625,-24.9276,113.8625,-24.1276
19,113.0625,-24.1276,113.8625,-23.3276
20,113.0625,-23.3276,113.8625,-22.5276
21,113.0625,-22.5276,113.8625,-21.7276
22,113.0625,-21.7276,113.8625,-20.9276
23,113.0625,-20.9276,113.8625,-20.1276
24,113.0625,-20.1276,113.8625,-19.3276
25,113.0625,-19.3276,113.8625,-18.5276
26,113.0625,-18.5276,113.8625,-17.7276
27,113.0625,-17.7276,113.8625,-16.9276
28,113.0625,-16.9276,113.8625,-16.1276
29,113.0625,-16.1276,113.8625,-15.3276
30,113.0625,-15.3276,113.8625,-14.5276
31,113.0625,-14.5276,113.8625,-13.7276
32,113.0625,-13.7276,113.8625,-12.9276
33,113.0625,-12.9276,113.8625,-12.1276
34,113.0625,-12.1276,113.8625,-11.3276
35,113.0625,-11.3276,113.8625,-10.5276
36,113.0625,-10.5276,113.8625,-9.7276
37,113.8625,-39.3276,114.6625,-38.5276
38,113.8625,-38.5276,114.6625,-37.7276
39,113.8625,-37.7276,114.6625,-36.9276
40,113.8625,-36.9276,114.6625,-36.1276
41,113.8625,-36.1276,114.6625,-35.3276
42,113.8625,-35.3276,114.6625,-34.5276
43,113.8625,-34.5276,114.6625,-33.7276
44,113.8625,-33.7276,114.6625,-32.9276
45,113.8625,-32.9276,114.6625,-32.1276
46,113.8625,-32.1276,114.6625,-31.3276
47,113.8625,-31.3276,114.6625,-30.5276
48,113.8625,-30.5276,114.6625,-29.7276
49,113.8625,-29.7276,114.6625,-28.9276
50,113.8625,-28.9276,114.6625,-28.1276
51,113.8625,-28.1276,114.6625,-27.3276
52,113.8625,-27.3276,114.6625,-26.5276
53,113.8625,-26.5276,114.6625,-25.7276
54,113.8625,-25.7276,114.6625,-24.9276
55,113.8625,-24.9276,114.6625,-24.1276
56,113.8625,-24.1276,114.6625,-23.3276
57,113.8625,-23.3276,114.6625,-22.5276
58,113.8625,-22.5276,114.6625,-21.7276
59,113.8625,-21.7276,114.6625,-20.9276
60,113.8625,-20.9276,114.6625,-20.1276
61,113.8625,-20.1276,114.6625,-19.3276
62,113.8625,-19.3276,114.6625,-18.5276
63,113.8625,-18.5276,114.6625,-17.7276
64,113.8625,-17.7276,114.6625,-16.9276
65,113.8625,-16.9276,114.6625,-16.1276
66,113.8625,-16.1276,114.6625,-15.3276
67,113.8625,-15.3276,114.6625,-14.5276
68,113.8625,-14.5276,114.6625,-13.7276
69,113.8625,-13.7276,114.6625,-12.9276
70,113.8625,-12.9276,114.6625,-12.1276
71,113.8625,-12.1276,114.6625,-11.3276
72,113.8625,-11.3276,114.6625,-10.5276
73,113.8625,-10.5276,114.6625,-9.7276
74,114.6625,-39.3276,115.4625,-38.5276
75,114.6625,-38.5276,115.4625,-37.7276
76,114.6625,-37.7276,115.4625,-36.9276
77,114.6625,-36.9276,115.4625,-36.1276
78,114.6625,-36.1276,115.4625,-35.3276
79,114.6625,-35.3276,115.4625,-34.5276
80,114.6625,-34.5276,115.4625,-33.7276
81,114.6625,-33.7276,115.4625,-32.9276
82,114.6625,-32.9276,115.4625,-32.1276
83,114.6625,-32.1276,115.4625,-31.3276
84,114.6625,-31.3276,115.4625,-30.5276
85,114.6625,-30.5276,115.4625,-29.7276
86,114.6625,-29.7276,115.4625,-28.9276
87,114.6625,-28.9276,115.4625,-28.1276
88,114.6625,-28.1276,115.4625,-27.3276
89,114.6625,-27.3276,115.4625,-26.5276
90,114.6625,-26.5276,115.4625,-25.7276
91,114.6625,-25.7276,115.4625,-24.9276
92,114.6625,-24.9276,115.4625,-24.1276
93,114.6625,-24.1276,115.4625,-23.3276
94,114.6625,-23.3276,115.4625,-22.5276
95,114.6625,-22.5276,115.4625,-21.7276
96,114.6625,-21.7276,115.4625,-20.9276
97,114.6625,-20.9276,115.4625,-20.1276
98,114.6625,-20.1276,115.4625,-19.3276
99,114.6625,-19.3276,115.4625,-18.5276
100,114.6625,-18.5276,115.4625,-17.7276
101,114.6625,-17.7276,115.4625,-16.9276
102,114.6625,-16.9276,115.4625,-16.1276
103,114.6625,-16.1276,115.4625,-15.3276
104,114.6625,-15.3276,115.4625,-14.5276
105,114.6625,-14.5276,115.4625,-13.7276
106,114.6625,-13.7276,115.4625,-12.9276
107,114.6625,-12.9276,115.4625,-12.1276
108,114.6625,-12.1276,115.4625,-11.3276
109,114.6625,-11.3276,115.4625,-10.5276
110,114.6625,-10.5276,115.4625,-9.7276
111,115.4625,-39.3276,116.2625,-38.5276
112,115.4625,-38.5276,116.2625,-37.7276
113,115.4625,-37.7276,116.2625,-36.9276
114,115.4625,-36.9276,116.2625,-36.1276
115,115.4625,-36.1276,116.2625,-35.3276
116,115.4625,-35.3276,116.2625,-34.5276
117,115.4625,-34.5276,116.2625,-33.7276
118,115.4625,-33.7276,116.2625,-32.9276
119,115.4625,-32.9276,116.2625,-32.1276
120,115.4625,-32.1276,116.2625,-31.3276
121,115.4625,-31.3276,116.2625,-30.5276
122,115.4625,-30.5276,116.2625,-29.7276
123,115.4625,-29.7276,116.2625,-28.9276
124,115.4625,-28.9276,116.2625,-28.1276
125,115.4625,-28.1276,116.2625,-27.3276
126,115.4625,-27.3276,116.2625,-26.5276
127,115.4625,-26.5276,116.2625,-25.7276
128,115.4625,-25.7276,116.2625,-24.9276
129,115.4625,-24.9276,116.2625,-24.1276
130,115.4625,-24.1276,116.2625,-23.3276
131,115.4625,-23.3276,116.2625,-22.5276
132,115.4625,-22.5276,116.2625,-21.7276
133,115.4625,-21.7276,116.2625,-20.9276
134,115.4625,-20.9276,116.2625,-20.1276
135,115.4625,-20.1276,116.2625,-19.3276
136,115.4625,-19.3276,116.2625,-18.5276
137,115.4625,-18.5276,116.2625,-17.7276
138,115.4625,-17.7276,116.2625,-16.9276
139,115.4625,-16.9276,116.2625,-16.1276
140,115.4625,-16.1276,116.2625,-15.3276
141,115.4625,-15.3276,116.2625,-14.5276
142,115.4625,-14.5276,116.2625,-13.7276
143,115.4625,-13.7276,116.2625,-12.9276
144,115.4625,-12.9276,116.2625,-12.1276
145,115.4625,-12.1276,116.2625,-11.3276
146,115.4625,-11.3276,116.2625,-10.5276
147,115.4625,-10.5276,116.2625,-9.7276
148,116.2625,-39.3276,117.0625,-38.5276
149,116.2625,-38.5276,117.0625,-37.7276
150,116.2625,-37.7276,117.0625,-36.9276
151,116.2625,-36.9276,117.0625,-36.1276
152,116.2625,-36.1276,117.0625,-35.3276
153,116.2625,-35.3276,117.0625,-34.5276
154,116.2625,-34.5276,117.0625,-33.7276
155,116.2625,-33.7276,117.0625,-32.9276
156,116.2625,-32.9276,117.0625,-32.1276
157,116.2625,-32.1276,117.0625,-31.3276
158,116.2625,-31.3276,117.0625,-30.5276
159,116.2625,-30.5276,117.0625,-29.7276
160,116.2625,-29.7276,117.0625,-28.9276
161,116.2625,-28.9276,117.0625,-28.1276
162,116.2625,-28.1276,117.0625,-27.3276
163,116.2625,-27.3276,117.0625,-26.5276
164,116.2625,-26.5276,117.0625,-25.7276
165,116.2625,-25.7276,117.0625,-24.9276
166,116.2625,-24.9276,117.0625,-24.1276
167,116.2625,-24.1276,117.0625,-23.3276
168,116.2625,-23.3276,117.0625,-22.5276
169,116.2625,-22.5276,117.0625,-21.7276
170,116.2625,-21.7276,117.0625,-20.9276
171,116.2625,-20.9276,117.0625,-20.1276
172,116.2625,-20.1276,117.0625,-19.3276
173,116.2625,-19.3276,117.0625,-18.5276
174,116.2625,-18.5276,117.0625,-17.7276
175,116.2625,-17.7276,117.0625,-16.9276
176,116.2625,-16.9276,117.0625,-16.1276
177,116.2625,-16.1276,117.0625,-15.3276
178,116.2625,-15.3276,117.0625,-14.5276
179,116.2625,-14.5276,117.0625,-13.7276
180,116.2625,-13.7276,117.0625,-12.9276
181,116.2625,-12.9276,117.0625,-12.1276
182,116.2625,-12.1276,117.0625,-11.3276
183,116.2625,-11.3276,117.0625,-10.5276
184,116.2625,-10.5276,117.0625,-9.7276
185,117.0625,-39.3276,117.8625,-38.5276
186,117.0625,-38.5276,117.8625,-37.7276
187,117.0625,-37.7276,117.8625,-36.9276
188,117.0625,-36.9276,117.8625,-36.1276
189,117.0625,-36.1276,117.8625,-35.3276
190,117.0625,-35.3276,117.8625,-34.5276
191,117.0625,-34.5276,117.8625,-33.7276
192,117.0625,-33.7276,117.8625,-32.9276
193,117.0625,-32.9276,117.8625,-32.1276
194,117.0625,-32.1276,117.8625,-31.3276
195,117.0625,-31.3276,117.8625,-30.5276
196,117.0625,-30.5276,117.8625,-29.7276
197,117.0625,-29.7276,117.8625,-28.9276
198,117.0625,-28.9276,117.8625,-28.1276
199,117.0625,-28.1276,117.8625,-27.3276
200,117.0625,-27.3276,117.8625,-26.5276
201,117.0625,-26.5276,117.8625,-25.7276
202,117.0625,-25.7276,117.8625,-24.9276
203,117.0625,-24.9276,117.8625,-24.1276
204,117.0625,-24.1276,117.8625,-23.3276
205,117.0625,-23.3276,117.8625,-22.5276
206,117.0625,-22.5276,117.8625,-21.7276
207,117.0625,-21.7276,117.8625,-20.9276
208,117.0625,-20.9276,117.8625,-20.1276
209,117.0625,-20.1276,117.8625,-19.3276
210,117.0625,-19.3276,117.8625,-18.5276
211,117.0625,-18.5276,117.8625,-17.7276
212,117.0625,-17.7276,117.8625,-16.9276
213,117.0625,-16.9276,117.8625,-16.1276
214,117.0625,-16.1276,117.8625,-15.3276
215,117.0625,-15.3276,117.8625,-14.5276
216,117.0625,-14.5276,117.8625,-13.7276
217,117.0625,-13.7276,117.8625,-12.9276
218,117.0625,-12.9276,117.8625,-12.1276
219,117.0625,-12.1276,117.8625,-11.3276
220,117.0625,-11.3276,117.8625,-10.5276
221,117.0625,-10.5276,117.8625,-9.7276
222,117.8625,-39.3276,118.6625,-38.5276
223,117.8625,-38.5276,118.6625,-37.7276
224,117.8625,-37.7276,118.6625,-36.9276
225,117.8625,-36.9276,118.6625,-36.1276
226,117.8625,-36.1276,118.6625,-35.3276
227,117.8625,-35.3276,118.6625,-34.5276
228,117.8625,-34.5276,118.6625,-33.7276
229,117.8625,-33.7276,118.6625,-32.9276
230,117.8625,-32.9276,118.6625,-32.1276
231,117.8625,-32.1276,118.6625,-31.3276
232,117.8625,-31.3276,118.6625,-30.5276
233,117.8625,-30.5276,118.6625,-29.7276
234,117.8625,-29.7276,118.6625,-28.9276
235,117.8625,-28.9276,118.6625,-28.1276
236,117.8625,-28.1276,118.6625,-27.3276
237,117.8625,-27.3276,118.6625,-26.5276
238,117.8625,-26.5276,118.6625,-25.7276
239,117.8625,-25.7276,118.6625,-24.9276
240,117.8625,-24.9276,118.6625,-24.1276
241,117.8625,-24.1276,118.6625,-23.3276
242,117.8625,-23.3276,118.6625,-22.5276
243,117.8625,-22.5276,118.6625,-21.7276
244,117.8625,-21.7276,118.6625,-20.9276
245,117.8625,-20.9276,118.6625,-20.1276
246,117.8625,-20.1276,118.6625,-19.3276
247,117.8625,-19.3276,118.6625,-18.5276
248,117.8625,-18.5276,118.6625,-17.7276
249,117.8625,-17.7276,118.6625,-16.9276
250,117.8625,-16.9276,118.6625,-16.1276
251,117.8625,-16.1276,118.6625,-15.3276
252,117.8625,-15.3276,118.6625,-14.5276
253,117.8625,-14.5276,118.6625,-13.7276
254,117.8625,-13.7276,118.6625,-12.9276
255,117.8625,-12.9276,118.6625,-12.1276
256,117.8625,-12.1276,118.6625,-11.3276
257,117.8625,-11.3276,118.6625,-10.5276
258,117.8625,-10.5276,118.6625,-9.7276
259,118.6625,-39.3276,119.4625,-38.5276
260,118.6625,-38.5276,119.4625,-37.7276
261,118.6625,-37.7276,119.4625,-36.9276
262,118.6625,-36.9276,119.4625,-36.1276
263,118.6625,-36.1276,119.4625,-35.3276
264,118.6625,-35.3276,119.4625,-34.5276
265,118.6625,-34.5276,119.4625,-33.7276
266,118.6625,-33.7276,119.4625,-32.9276
267,118.6625,-32.9276,119.4625,-32.1276
268,118.6625,-32.1276,119.4625,-31.3276
269,118.6625,-31.3276,119.4625,-30.5276
270,118.6625,-30.5276,119.4625,-29.7276
271,118.6625,-29.7276,119.4625,-28.9276
272,118.6625,-28.9276,119.4625,-28.1276
273,118.6625,-28.1276,119.4625,-27.3276
274,118.6625,-27.3276,119.4625,-26.5276
275,118.6625,-26.5276,119.4625,-25.7276
276,118.6625,-25.7276,119.4625,-24.9276
277,118.6625,-24.9276,119.4625,-24.1276
278,118.6625,-24.1276,119.4625,-23.3276
279,118.6625,-23.3276,119.4625,-22.5276
280,118.6625,-22.5276,119.4625,-21.7276
281,118.6625,-21.7276,119.4625,-20.9276
282,118.6625,-20.9276,119.4625,-20.1276
283,118.6625,-20.1276,119.4625,-19.3276
284,118.6625,-19.3276,119.4625,-18.5276
285,118.6625,-18.5276,119.4625,-17.7276
286,118.6625,-17.7276,119.4625,-16.9276
287,118.6625,-16.9276,119.4625,-16.1276
288,118.6625,-16.1276,119.4625,-15.3276
289,118.6625,-15.3276,119.4625,-14.5276
290,118.6625,-14.5276,119.4625,-13.7276
291,118.6625,-13.7276,119.4625,-12.9276
292,118.6625,-12.9276,119.4625,-12.1276
293,118.6625,-12.1276,119.4625,-11.3276
294,118.6625,-11.3276,119.4625,-10.5276
295,118.6625,-10.5276,119.4625,-9.7276
296,119.4625,-39.3276,120.2625,-38.5276
297,119.4625,-38.5276,120.2625,-37.7276
298,119.4625,-37.7276,120.2625,-36.9276
299,119.4625,-36.9276,120.2625,-36.1276
300,119.4625,-36.1276,120.2625,-35.3276
301,119.4625,-35.3276,120.2625,-34.5276
302,119.4625,-34.5276,120.2625,-33.7276
303,119.4625,-33.7276,120.2625,-32.9276
304,119.4625,-32.9276,120.2625,-32.1276
305,119.4625,-32.1276,120.2625,-31.3276
306,119.4625,-31.3276,120.2625,-30.5276
307,119.4625,-30.5276,120.2625,-29.7276
308,119.4625,-29.7276,120.2625,-28.9276
309,119.4625,-28.9276,120.2625,-28.1276
310,119.4625,-28.1276,120.2625,-27.3276
311,119.4625,-27.3276,120.2625,-26.5276
312,119.4625,-26.5276,120.2625,-25.7276
313,119.4625,-25.7276,120.2625,-24.9276
314,119.4625,-24.9276,120.2625,-24.1276
315,119.4625,-24.1276,120.2625,-23.3276
316,119.4625,-23.3276,120.2625,-22.5276
317,119.4625,-22.5276,120.2625,-21.7276
318,119.4625,-21.7276,120.2625,-20.9276
319,119.4625,-20.9276,120.2625,-20.1276
320,119.4625,-20.1276,120.2625,-19.3276
321,119.4625,-19.3276,120.2625,-18.5276
322,119.4625,-18.5276,120.2625,-17.7276
323,119.4625,-17.7276,120.2625,-16.9276
324,119.4625,-16.9276,120.2625,-16.1276
325,119.4625,-16.1276,120.2625,-15.3276
326,119.4625,-15.3276,120.2625,-14.5276
327,119.4625,-14.5276,120.2625,-13.7276
328,119.4625,-13.7276,120.2625,-12.9276
329,119.4625,-12.9276,120.2625,-12.1276
330,119.4625,-12.1276,120.2625,-11.3276
331,119.4625,-11.3276,120.2625,-10.5276
332,119.4625,-10.5276,120.2625,-9.7276
333,120.2625,-39.3276,121.0625,-38.5276
334,120.2625,-38.5276,121.0625,-37.7276
335,120.2625,-37.7276,121.0625,-36.9276
336,120.2625,-36.9276,121.0625,-36.1276
337,120.2625,-36.1276,121.0625,-35.3276
338,120.2625,-35.3276,121.0625,-34.5276
339,120.2625,-34.5276,121.0625,-33.7276
340,120.2625,-33.7276,121.0625,-32.9276
341,120.2625,-32.9276,121.0625,-32.1276
342,120.2625,-32.1276,121.0625,-31.3276
343,120.2625,-31.3276,121.0625,-30.5276
344,120.2625,-30.5276,121.0625,-29.7276
345,120.2625,-29.7276,121.0625,-28.9276
346,120.2625,-28.9276,121.0625,-28.1276
347,120.2625,-28.1276,121.0625,-27.3276
348,120.2625,-27.3276,121.0625,-26.5276
349,120.2625,-26.5276,121.0625,-25.7276
350,120.2625,-25.7276,121.0625,-24.9276
351,120.2625,-24.9276,121.0625,-24.1276
352,120.2625,-24.1276,121.0625,-23.3276
353,120.2625,-23.3276,121.0625,-22.5276
354,120.2625,-22.5276,121.0625,-21.7276
355,120.2625,-21.7276,121.0625,-20.9276
356,120.2625,-20.9276,121.0625,-20.1276
357,120.2625,-20.1276,121.0625,-19.3276
358,120.2625,-19.3276,121.0625,-18.5276
359,120.2625,-18.5276,121.0625,-17.7276
360,120.2625,-17.7276,121.0625,-16.9276
361,120.2625,-16.9276,121.0625,-16.1276
362,120.2625,-16.1276,121.0625,-15.3276
363,120.2625,-15.3276,121.0625,-14.5276
364,120.2625,-14.5276,121.0625,-13.7276
365,120.2625,-13.7276,121.0625,-12.9276
366,120.2625,-12.9276,121.0625,-12.1276
367,120.2625,-12.1276,121.0625,-11.3276
368,120.2625,-11.3276,121.0625,-10.5276
369,120.2625,-10.5276,121.0625,-9.7276
370,121.0625,-39.3276,121.8625,-38.5276
371,121.0625,-38.5276,121.8625,-37.7276
372,121.0625,-37.7276,121.8625,-36.9276
373,121.0625,-36.9276,121.8625,-36.1276
374,121.0625,-36.1276,121.8625,-35.3276
375,121.0625,-35.3276,121.8625,-34.5276
376,121.0625,-34.5276,121.8625,-33.7276
377,121.0625,-33.7276,121.8625,-32.9276
378,121.0625,-32.9276,121.8625,-32.1276
379,121.0625,-32.1276,121.8625,-31.3276
380,121.0625,-31.3276,121.8625,-30.5276
381,121.0625,-30.5276,121.8625,-29.7276
382,121.0625,-29.7276,121.8625,-28.9276
383,121.0625,-28.9276,121.8625,-28.1276
384,121.0625,-28.1276,121.8625,-27.3276
385,121.0625,-27.3276,121.8625,-26.5276
386,121.0625,-26.5276,121.8625,-25.7276
387,121.0625,-25.7276,121.8625,-24.9276
388,121.0625,-24.9276,121.8625,-24.1276
389,121.0625,-24.1276,121.8625,-23.3276
390,121.0625,-23.3276,121.8625,-22.5276
391,121.0625,-22.5276,121.8625,-21.7276
392,121.0625,-21.7276,121.8625,-20.9276
393,121.0625,-20.9276,121.8625,-20.1276
394,121.0625,-20.1276,121.8625,-19.3276
395,121.0625,-19.3276,121.8625,-18.5276
396,121.0625,-18.5276,121.8625,-17.7276
397,121.0625,-17.7276,121.8625,-16.9276
398,121.0625,-16.9276,121.8625,-16.1276
399,121.0625,-16.1276,121.8625,-15.3276
400,121.0625,-15.3276,121.8625,-14.5276
401,121.0625,-14.5276,121.8625,-13.7276
402,121.0625,-13.7276,121.8625,-12.9276
403,121.0625,-12.9276,121.8625,-12.1276
404,121.0625,-12.1276,121.8625,-11.3276
405,121.0625,-11.3276,121.8625,-10.5276
406,121.0625,-10.5276,121.8625,-9.7276
407,121.8625,-39.3276,122.6625,-38.5276
408,121.8625,-38.5276,122.6625,-37.7276
409,121.8625,-37.7276,122.6625,-36.9276
410,121.8625,-36.9276,122.6625,-36.1276
411,121.8625,-36.1276,122.6625,-35.3276
412,121.8625,-35.3276,122.6625,-34.5276
413,121.8625,-34.5276,122.6625,-33.7276
414,121.8625,-33.7276,122.6625,-32.9276
415,121.8625,-32.9276,122.6625,-32.1276
416,121.8625,-32.1276,122.6625,-31.3276
417,121.8625,-31.3276,122.6625,-30.5276
418,121.8625,-30.5276,122.6625,-29.7276
419,121.8625,-29.7276,122.6625,-28.9276
420,121.8625,-28.9276,122.6625,-28.1276
421,121.8625,-28.1276,122.6625,-27.3276
422,121.8625,-27.3276,122.6625,-26.5276
423,121.8625,-26.5276,122.6625,-25.7276
424,121.8625,-25.7276,122.6625,-24.9276
425,121.8625,-24.9276,122.6625,-24.1276
426,121.8625,-24.1276,122.6625,-23.3276
427,121.8625,-23.3276,122.6625,-22.5276
428,121.8625,-22.5276,122.6625,-21.7276
429,121.8625,-21.7276,122.6625,-20.9276
430,121.8625,-20.9276,122.6625,-20.1276
431,121.8625,-20.1276,122.6625,-19.3276
432,121.8625,-19.3276,122.6625,-18.5276
433,121.8625,-18.5276,122.6625,-17.7276
434,121.8625,-17.7276,122.6625,-16.9276
435,121.8625,-16.9276,122.6625,-16.1276
436,121.8625,-16.1276,122.6625,-15.3276
437,121.8625,-15.3276,122.6625,-14.5276
438,121.8625,-14.5276,122.6625,-13.7276
439,121.8625,-13.7276,122.6625,-12.9276
440,121.8625,-12.9276,122.6625,-12.1276
441,121.8625,-12.1276,122.6625,-11.3276
442,121.8625,-11.3276,122.6625,-10.5276
443,121.8625,-10.5276,122.6625,-9.7276
444,122.6625,-39.3276,123.4625,-38.5276
445,122.6625,-38.5276,123.4625,-37.7276
446,122.6625,-37.7276,123.4625,-36.9276
447,122.6625,-36.9276,123.4625,-36.1276
448,122.6625,-36.1276,123.4625,-35.3276
449,122.6625,-35.3276,123.4625,-34.5276
450,122.6625,-34.5276,123.4625,-33.7276
451,122.6625,-33.7276,123.4625,-32.9276
452,122.6625,-32.9276,123.4625,-32.1276
453,122.6625,-32.1276,123.4625,-31.3276
454,122.6625,-31.3276,123.4625,-30.5276
455,122.6625,-30.5276,123.4625,-29.7276
456,122.6625,-29.7276,123.4625,-28.9276
457,122.6625,-28.9276,123.4625,-28.1276
458,122.6625,-28.1276,123.4625,-27.3276
459,122.6625,-27.3276,123.4625,-26.5276
460,122.6625,-26.5276,123.4625,-25.7276
461,122.6625,-25.7276,123.4625,-24.9276
462,122.6625,-24.9276,123.4625,-24.1276
463,122.6625,-24.1276,123.4625,-23.3276
464,122.6625,-23.3276,123.4625,-22.5276
465,122.6625,-22.5276,123.4625,-21.7276
466,122.6625,-21.7276,123.4625,-20.9276
467,122.6625,-20.9276,123.4625,-20.1276
468,122.6625,-20.1276,123.4625,-19.3276
469,122.6625,-19.3276,123.4625,-18.5276
470,122.6625,-18.5276,123.4625,-17.7276
471,122.6625,-17.7276,123.4625,-16.9276
472,122.6625,-16.9276,123.4625,-16.1276
473,122.6625,-16.1276,123.4625,-15.3276
474,122.6625,-15.3276,123.4625,-14.5276
475,122.6625,-14.5276,123.4625,-13.7276
476,122.6625,-13.7276,123.4625,-12.9276
477,122.6625,-12.9276,123.4625,-12.1276
478,122.6625,-12.1276,123.4625,-11.3276
479,122.6625,-11.3276,123.4625,-10.5276
480,122.6625,-10.5276,123.4625,-9.7276
481,123.4625,-39.3276,124.2625,-38.5276
482,123.4625,-38.5276,124.2625,-37.7276
483,123.4625,-37.7276,124.2625,-36.9276
484,123.4625,-36.9276,124.2625,-36.1276
485,123.4625,-36.1276,124.2625,-35.3276
486,123.4625,-35.3276,124.2625,-34.5276
487,123.4625,-34.5276,124.2625,-33.7276
488,123.4625,-33.7276,124.2625,-32.9276
489,123.4625,-32.9276,124.2625,-32.1276
490,123.4625,-32.1276,124.2625,-31.3276
491,123.4625,-31.3276,124.2625,-30.5276
492,123.4625,-30.5276,124.2625,-29.7276
493,123.4625,-29.7276,124.2625,-28.9276
494,123.4625,-28.9276,124.2625,-28.1276
495,123.4625,-28.1276,124.2625,-27.3276
496,123.4625,-27.3276,124.2625,-26.5276
497,123.4625,-26.5276,124.2625,-25.7276
498,123.4625,-25.7276,124.2625,-24.9276
499,123.4625,-24.9276,124.2625,-24.1276
500,123.4625,-24.1276,124.2625,-23.3276
501,123.4625,-23.3276,124.2625,-22.5276
502,123.4625,-22.5276,124.2625,-21.7276
503,123.4625,-21.7276,124.2625,-20.9276
504,123.4625,-20.9276,124.2625,-20.1276
505,123.4625,-20.1276,124.2625,-19.3276
506,123.4625,-19.3276,124.2625,-18.5276
507,123.4625,-18.5276,124.2625,-17.7276
508,123.4625,-17.7276,124.2625,-16.9276
509,123.4625,-16.9276,124.2625,-16.1276
510,123.4625,-16.1276,124.2625,-15.3276
511,123.4625,-15.3276,124.2625,-14.5276
512,123.4625,-14.5276,124.2625,-13.7276
513,123.4625,-13.7276,124.2625,-12.9276
514,123.4625,-12.9276,124.2625,-12.1276
515,123.4625,-12.1276,124.2625,-11.3276
516,123.4625,-11.3276,124.2625,-10.5276
517,123.4625,-10.5276,124.2625,-9.7276
518,124.2625,-39.3276,125.0625,-38.5276
519,124.2625,-38.5276,125.0625,-37.7276
520,124.2625,-37.7276,125.0625,-36.9276
521,124.2625,-36.9276,125.0625,-36.1276
522,124.2625,-36.1276,125.0625,-35.3276
523,124.2625,-35.3276,125.0625,-34.5276
524,124.2625,-34.5276,125.0625,-33.7276
525,124.2625,-33.7276,125.0625,-32.9276
526,124.2625,-32.9276,125.0625,-32.1276
527,124.2625,-32.1276,125.0625,-31.3276
528,124.2625,-31.3276,125.0625,-30.5276
529,124.2625,-30.5276,125.0625,-29.7276
530,124.2625,-29.7276,125.0625,-28.9276
531,124.2625,-28.9276,125.0625,-28.1276
532,124.2625,-28.1276,125.0625,-27.3276
533,124.2625,-27.3276,125.0625,-26.5276
534,124.2625,-26.5276,125.0625,-25.7276
535,124.2625,-25.7276,125.0625,-24.9276
536,124.2625,-24.9276,125.0625,-24.1276
537,124.2625,-24.1276,125.0625,-23.3276
538,124.2625,-23.3276,125.0625,-22.5276
539,124.2625,-22.5276,125.0625,-21.7276
540,124.2625,-21.7276,125.0625,-20.9276
541,124.2625,-20.9276,125.0625,-20.1276
542,124.2625,-20.1276,125.0625,-19.3276
543,124.2625,-19.3276,125.0625,-18.5276
544,124.2625,-18.5276,125.0625,-17.7276
545,124.2625,-17.7276,125.0625,-16.9276
546,124.2625,-16.9276,125.0625,-16.1276
547,124.2625,-16.1276,125.0625,-15.3276
548,124.2625,-15.3276,125.0625,-14.5276
549,124.2625,-14.5276,125.0625,-13.7276
550,124.2625,-13.7276,125.0625,-12.9276
551,124.2625,-12.9276,125.0625,-12.1276
552,124.2625,-12.1276,125.0625,-11.3276
553,124.2625,-11.3276,125.0625,-10.5276
554,124.2625,-10.5276,125.0625,-9.7276
555,125.0625,-39.3276,125.8625,-38.5276
556,125.0625,-38.5276,125.8625,-37.7276
557,125.0625,-37.7276,125.8625,-36.9276
558,125.0625,-36.9276,125.8625,-36.1276
559,125.0625,-36.1276,125.8625,-35.3276
560,125.0625,-35.3276,125.8625,-34.5276
561,125.0625,-34.5276,125.8625,-33.7276
562,125.0625,-33.7276,125.8625,-32.9276
563,125.0625,-32.9276,125.8625,-32.1276
564,125.0625,-32.1276,125.8625,-31.3276
565,125.0625,-31.3276,125.8625,-30.5276
566,125.0625,-30.5276,125.8625,-29.7276
567,125.0625,-29.7276,125.8625,-28.9276
568,125.0625,-28.9276,125.8625,-28.1276
569,125.0625,-28.1276,125.8625,-27.3276
570,125.0625,-27.3276,125.8625,-26.5276
571,125.0625,-26.5276,125.8625,-25.7276
572,125.0625,-25.7276,125.8625,-24.9276
573,125.0625,-24.9276,125.8625,-24.1276
574,125.0625,-24.1276,125.8625,-23.3276
575,125.0625,-23.3276,125.8625,-22.5276
576,125.0625,-22.5276,125.8625,-21.7276
577,125.0625,-21.7276,125.8625,-20.9276
578,125.0625,-20.9276,125.8625,-20.1276
579,125.0625,-20.1276,125.8625,-19.3276
580,125.0625,-19.3276,125.8625,-18.5276
581,125.0625,-18.5276,125.8625,-17.7276
582,125.0625,-17.7276,125.8625,-16.9276
583,125.0625,-16.9276,125.8625,-16.1276
584,125.0625,-16.1276,125.8625,-15.3276
585,125.0625,-15.3276,125.8625,-14.5276
586,125.0625,-14.5276,125.8625,-13.7276
587,125.0625,-13.7276,125.8625,-12.9276
588,125.0625,-12.9276,125.8625,-12.1276
589,125.0625,-12.1276,125.8625,-11.3276
590,125.0625,-11.3276,125.8625,-10.5276
591,125.0625,-10.5276,125.8625,-9.7276
592,125.8625,-39.3276,126.6625,-38.5276
593,125.8625,-38.5276,126.6625,-37.7276
594,125.8625,-37.7276,126.6625,-36.9276
595,125.8625,-36.9276,126.6625,-36.1276
596,125.8625,-36.1276,126.6625,-35.3276
597,125.8625,-35.3276,126.6625,-34.5276
598,125.8625,-34.5276,126.6625,-33.7276
599,125.8625,-33.7276,126.6625,-32.9276
600,125.8625,-32.9276,126.6625,-32.1276
601,125.8625,-32.1276,126.6625,-31.3276
602,125.8625,-31.3276,126.6625,-30.5276
603,125.8625,-30.5276,126.6625,-29.7276
604,125.8625,-29.7276,126.6625,-28.9276
605,125.8625,-28.9276,126.6625,-28.1276
606,125.8625,-28.1276,126.6625,-27.3276
607,125.8625,-27.3276,126.6625,-26.5276
608,125.8625,-26.5276,126.6625,-25.7276
609,125.8625,-25.7276,126.6625,-24.9276
610,125.8625,-24.9276,126.6625,-24.1276
611,125.8625,-24.1276,126.6625,-23.3276
612,125.8625,-23.3276,126.6625,-22.5276
613,125.8625,-22.5276,126.6625,-21.7276
614,125.8625,-21.7276,126.6625,-20.9276
615,125.8625,-20.9276,126.6625,-20.1276
616,125.8625,-20.1276,126.6625,-19.3276
617,125.8625,-19.3276,126.6625,-18.5276
618,125.8625,-18.5276,126.6625,-17.7276
619,125.8625,-17.7276,126.6625,-16.9276
620,125.8625,-16.9276,126.6625,-16.1276
621,125.8625,-16.1276,126.6625,-15.3276
622,125.8625,-15.3276,126.6625,-14.5276
623,125.8625,-14.5276,126.6625,-13.7276
624,125.8625,-13.7276,126.6625,-12.9276
625,125.8625,-12.9276,126.6625,-12.1276
626,125.8625,-12.1276,126.6625,-11.3276
627,125.8625,-11.3276,126.6625,-10.5276
628,125.8625,-10.5276,126.6625,-9.7276
629,126.6625,-39.3276,127.4625,-38.5276
630,126.6625,-38.5276,127.4625,-37.7276
631,126.6625,-37.7276,127.4625,-36.9276
632,126.6625,-36.9276,127.4625,-36.1276
633,126.6625,-36.1276,127.4625,-35.3276
634,126.6625,-35.3276,127.4625,-34.5276
635,126.6625,-34.5276,127.4625,-33.7276
636,126.6625,-33.7276,127.4625,-32.9276
637,126.6625,-32.9276,127.4625,-32.1276
638,126.6625,-32.1276,127.4625,-31.3276
639,126.6625,-31.3276,127.4625,-30.5276
640,126.6625,-30.5276,127.4625,-29.7276
641,126.6625,-29.7276,127.4625,-28.9276
642,126.6625,-28.9276,127.4625,-28.1276
643,126.6625,-28.1276,127.4625,-27.3276
644,126.6625,-27.3276,127.4625,-26.5276
645,126.6625,-26.5276,127.4625,-25.7276
646,126.6625,-25.7276,127.4625,-24.9276
647,126.6625,-24.9276,127.4625,-24.1276
648,126.6625,-24.1276,127.4625,-23.3276
649,126.6625,-23.3276,127.4625,-22.5276
650,126.6625,-22.5276,127.4625,-21.7276
651,126.6625,-21.7276,127.4625,-20.9276
652,126.6625,-20.9276,127.4625,-20.1276
653,126.6625,-20.1276,127.4625,-19.3276
654,126.6625,-19.3276,127.4625,-18.5276
655,126.6625,-18.5276,127.4625,-17.7276
656,126.6625,-17.7276,127.4625,-16.9276
657,126.6625,-16.9276,127.4625,-16.1276
658,126.6625,-16.1276,127.4625,-15.3276
659,126.6625,-15.3276,127.4625,-14.5276
660,126.6625,-14.5276,127.4625,-13.7276
661,126.6625,-13.7276,127.4625,-12.9276
662,126.6625,-12.9276,127.4625,-12.1276
663,126.6625,-12.1276,127.4625,-11.3276
664,126.6625,-11.3276,127.4625,-10.5276
665,126.6625,-10.5276,127.4625,-9.7276
666,127.4625,-39.3276,128.2625,-38.5276
667,127.4625,-38.5276,128.2625,-37.7276
668,127.4625,-37.7276,128.2625,-36.9276
669,127.4625,-36.9276,128.2625,-36.1276
670,127.4625,-36.1276,128.2625,-35.3276
671,127.4625,-35.3276,128.2625,-34.5276
672,127.4625,-34.5276,128.2625,-33.7276
673,127.4625,-33.7276,128.2625,-32.9276
674,127.4625,-32.9276,128.2625,-32.1276
675,127.4625,-32.1276,128.2625,-31.3276
676,127.4625,-31.3276,128.2625,-30.5276
677,127.4625,-30.5276,128.2625,-29.7276
678,127.4625,-29.7276,128.2625,-28.9276
679,127.4625,-28.9276,128.2625,-28.1276
680,127.4625,-28.1276,128.2625,-27.3276
681,127.4625,-27.3276,128.2625,-26.5276
682,127.4625,-26.5276,128.2625,-25.7276
683,127.4625,-25.7276,128.2625,-24.9276
684,127.4625,-24.9276,128.2625,-24.1276
685,127.4625,-24.1276,128.2625,-23.3276
686,127.4625,-23.3276,128.2625,-22.5276
687,127.4625,-22.5276,128.2625,-21.7276
688,127.4625,-21.7276,128.2625,-20.9276
689,127.4625,-20.9276,128.2625,-20.1276
690,127.4625,-20.1276,128.2625,-19.3276
691,127.4625,-19.3276,128.2625,-18.5276
692,127.4625,-18.5276,128.2625,-17.7276
693,127.4625,-17.7276,128.2625,-16.9276
694,127.4625,-16.9276,128.2625,-16.1276
695,127.4625,-16.1276,128.2625,-15.3276
696,127.4625,-15.3276,128.2625,-14.5276
697,127.4625,-14.5276,128.2625,-13.7276
698,127.4625,-13.7276,128.2625,-12.9276
699,127.4625,-12.9276,128.2625,-12.1276
700,127.4625,-12.1276,128.2625,-11.3276
701,127.4625,-11.3276,128.2625,-10.5276
702,127.4625,-10.5276,128.2625,-9.7276
703,128.2625,-39.3276,129.0625,-38.5276
704,128.2625,-38.5276,129.0625,-37.7276
705,128.2625,-37.7276,129.0625,-36.9276
706,128.2625,-36.9276,129.0625,-36.1276
707,128.2625,-36.1276,129.0625,-35.3276
708,128.2625,-35.3276,129.0625,-34.5276
709,128.2625,-34.5276,129.0625,-33.7276
710,128.2625,-33.7276,129.0625,-32.9276
711,128.2625,-32.9276,129.0625,-32.1276
712,128.2625,-32.1276,129.0625,-31.3276
713,128.2625,-31.3276,129.0625,-30.5276
714,128.2625,-30.5276,129.0625,-29.7276
715,128.2625,-29.7276,129.0625,-28.9276
716,128.2625,-28.9276,129.0625,-28.1276
717,128.2625,-28.1276,129.0625,-27.3276
718,128.2625,-27.3276,129.0625,-26.5276
719,128.2625,-26.5276,129.0625,-25.7276
720,128.2625,-25.7276,129.0625,-24.9276
721,128.2625,-24.9276,129.0625,-24.1276
722,128.2625,-24.1276,129.0625,-23.3276
723,128.2625,-23.3276,129.0625,-22.5276
724,128.2625,-22.5276,129.0625,-21.7276
725,128.2625,-21.7276,129.0625,-20.9276
726,128.2625,-20.9276,129.0625,-20.1276
727,128.2625,-20.1276,129.0625,-19.3276
728,128.2625,-19.3276,129.0625,-18.5276
729,128.2625,-18.5276,129.0625,-17.7276
730,128.2625,-17.7276,129.0625,-16.9276
731,128.2625,-16.9276,129.0625,-16.1276
732,128.2625,-16.1276,129.0625,-15.3276
733,128.2625,-15.3276,129.0625,-14.5276
734,128.2625,-14.5276,129.0625,-13.7276
735,128.2625,-13.7276,129.0625,-12.9276
736,128.2625,-12.9276,129.0625,-12.1276
737,128.2625,-12.1276,129.0625,-11.3276
738,128.2625,-11.3276,129.0625,-10.5276
739,128.2625,-10.5276,129.0625,-9.7276
740,129.0625,-39.3276,129.8625,-38.5276
741,129.0625,-38.5276,129.8625,-37.7276
742,129.0625,-37.7276,129.8625,-36.9276
743,129.0625,-36.9276,129.8625,-36.1276
744,129.0625,-36.1276,129.8625,-35.3276
745,129.0625,-35.3276,129.8625,-34.5276
746,129.0625,-34.5276,129.8625,-33.7276
747,129.0625,-33.7276,129.8625,-32.9276
748,129.0625,-32.9276,129.8625,-32.1276
749,129.0625,-32.1276,129.8625,-31.3276
750,129.0625,-31.3276,129.8625,-30.5276
751,129.0625,-30.5276,129.8625,-29.7276
752,129.0625,-29.7276,129.8625,-28.9276
753,129.0625,-28.9276,129.8625,-28.1276
754,129.0625,-28.1276,129.8625,-27.3276
755,129.0625,-27.3276,129.8625,-26.5276
756,129.0625,-26.5276,129.8625,-25.7276
757,129.0625,-25.7276,129.8625,-24.9276
758,129.0625,-24.9276,129.8625,-24.1276
759,129.0625,-24.1276,129.8625,-23.3276
760,129.0625,-23.3276,129.8625,-22.5276
761,129.0625,-22.5276,129.8625,-21.7276
762,129.0625,-21.7276,129.8625,-20.9276
763,129.0625,-20.9276,129.8625,-20.1276
764,129.0625,-20.1276,129.8625,-19.3276
765,129.0625,-19.3276,129.8625,-18.5276
766,129.0625,-18.5276,129.8625,-17.7276
767,129.0625,-17.7276,129.8625,-16.9276
768,129.0625,-16.9276,129.8625,-16.1276
769,129.0625,-16.1276,129.8625,-15.3276
770,129.0625,-15.3276,129.8625,-14.5276
771,129.0625,-14.5276,129.8625,-13.7276
772,129.0625,-13.7276,129.8625,-12.9276
773,129.0625,-12.9276,129.8625,-12.1276
774,129.0625,-12.1276,129.8625,-11.3276
775,129.0625,-11.3276,129.8625,-10.5276
776,129.0625,-10.5276,129.8625,-9.7276
777,129.8625,-39.3276,130.6625,-38.5276
778,129.8625,-38.5276,130.6625,-37.7276
779,129.8625,-37.7276,130.6625,-36.9276
780,129.8625,-36.9276,130.6625,-36.1276
781,129.8625,-36.1276,130.6625,-35.3276
782,129.8625,-35.3276,130.6625,-34.5276
783,129.8625,-34.5276,130.6625,-33.7276
784,129.8625,-33.7276,130.6625,-32.9276
785,129.8625,-32.9276,130.6625,-32.1276
786,129.8625,-32.1276,130.6625,-31.3276
787,129.8625,-31.3276,130.6625,-30.5276
788,129.8625,-30.5276,130.6625,-29.7276
789,129.8625,-29.7276,130.6625,-28.9276
790,129.8625,-28.9276,130.6625,-28.1276
791,129.8625,-28.1276,130.6625,-27.3276
792,129.8625,-27.3276,130.6625,-26.5276
793,129.8625,-26.5276,130.6625,-25.7276
794,129.8625,-25.7276,130.6625,-24.9276
795,129.8625,-24.9276,130.6625,-24.1276
796,129.8625,-24.1276,130.6625,-23.3276
797,129.8625,-23.3276,130.6625,-22.5276
798,129.8625,-22.5276,130.6625,-21.7276
799,129.8625,-21.7276,130.6625,-20.9276
800,129.8625,-20.9276,130.6625,-20.1276
801,129.8625,-20.1276,130.6625,-19.3276
802,129.8625,-19.3276,130.6625,-18.5276
803,129.8625,-18.5276,130.6625,-17.7276
804,129.8625,-17.7276,130.6625,-16.9276
805,129.8625,-16.9276,130.6625,-16.1276
806,129.8625,-16.1276,130.6625,-15.3276
807,129.8625,-15.3276,130.6625,-14.5276
808,129.8625,-14.5276,130.6625,-13.7276
809,129.8625,-13.7276,130.6625,-12.9276
810,129.8625,-12.9276,130.6625,-12.1276
811,129.8625,-12.1276,130.6625,-11.3276
812,129.8625,-11.3276,130.6625,-10.5276
813,129.8625,-10.5276,130.6625,-9.7276
814,130.6625,-39.3276,131.4625,-38.5276
815,130.6625,-38.5276,131.4625,-37.7276
816,130.6625,-37.7276,131.4625,-36.9276
817,130.6625,-36.9276,131.4625,-36.1276
818,130.6625,-36.1276,131.4625,-35.3276
819,130.6625,-35.3276,131.4625,-34.5276
820,130.6625,-34.5276,131.4625,-33.7276
821,130.6625,-33.7276,131.4625,-32.9276
822,130.6625,-32.9276,131.4625,-32.1276
823,130.6625,-32.1276,131.4625,-31.3276
824,130.6625,-31.3276,131.4625,-30.5276
825,130.6625,-30.5276,131.4625,-29.7276
826,130.6625,-29.7276,131.4625,-28.9276
827,130.6625,-28.9276,131.4625,-28.1276
828,130.6625,-28.1276,131.4625,-27.3276
829,130.6625,-27.3276,131.4625,-26.5276
830,130.6625,-26.5276,131.4625,-25.7276
831,130.6625,-25.7276,131.4625,-24.9276
832,130.6625,-24.9276,131.4625,-24.1276
833,130.6625,-24.1276,131.4625,-23.3276
834,130.6625,-23.3276,131.4625,-22.5276
835,130.6625,-22.5276,131.4625,-21.7276
836,130.6625,-21.7276,131.4625,-20.9276
837,130.6625,-20.9276,131.4625,-20.1276
838,130.6625,-20.1276,131.4625,-19.3276
839,130.6625,-19.3276,131.4625,-18.5276
840,130.6625,-18.5276,131.4625,-17.7276
841,130.6625,-17.7276,131.4625,-16.9276
842,130.6625,-16.9276,131.4625,-16.1276
843,130.6625,-16.1276,131.4625,-15.3276
844,130.6625,-15.3276,131.4625,-14.5276
845,130.6625,-14.5276,131.4625,-13.7276
846,130.6625,-13.7276,131.4625,-12.9276
847,130.6625,-12.9276,131.4625,-12.1276
848,130.6625,-12.1276,131.4625,-11.3276
849,130.6625,-11.3276,131.4625,-10.5276
850,130.6625,-10.5276,131.4625,-9.7276
851,131.4625,-39.3276,132.2625,-38.5276
852,131.4625,-38.5276,132.2625,-37.7276
853,131.4625,-37.7276,132.2625,-36.9276
854,131.4625,-36.9276,132.2625,-36.1276
855,131.4625,-36.1276,132.2625,-35.3276
856,131.4625,-35.3276,132.2625,-34.5276
857,131.4625,-34.5276,132.2625,-33.7276
858,131.4625,-33.7276,132.2625,-32.9276
859,131.4625,-32.9276,132.2625,-32.1276
860,131.4625,-32.1276,132.2625,-31.3276
861,131.4625,-31.3276,132.2625,-30.5276
862,131.4625,-30.5276,132.2625,-29.7276
863,131.4625,-29.7276,132.2625,-28.9276
864,131.4625,-28.9276,132.2625,-28.1276
865,131.4625,-28.1276,132.2625,-27.3276
866,131.4625,-27.3276,132.2625,-26.5276
867,131.4625,-26.5276,132.2625,-25.7276
868,131.4625,-25.7276,132.2625,-24.9276
869,131.4625,-24.9276,132.2625,-24.1276
870,131.4625,-24.1276,132.2625,-23.3276
871,131.4625,-23.3276,132.2625,-22.5276
872,131.4625,-22.5276,132.2625,-21.7276
873,131.4625,-21.7276,132.2625,-20.9276
874,131.4625,-20.9276,132.2625,-20.1276
875,131.4625,-20.1276,132.2625,-19.3276
876,131.4625,-19.3276,132.2625,-18.5276
877,131.4625,-18.5276,132.2625,-17.7276
878,131.4625,-17.7276,132.2625,-16.9276
879,131.4625,-16.9276,132.2625,-16.1276
880,131.4625,-16.1276,132.2625,-15.3276
881,131.4625,-15.3276,132.2625,-14.5276
882,131.4625,-14.5276,132.2625,-13.7276
883,131.4625,-13.7276,132.2625,-12.9276
884,131.4625,-12.9276,132.2625,-12.1276
885,131.4625,-12.1276,132.2625,-11.3276
886,131.4625,-11.3276,132.2625,-10.5276
887,131.4625,-10.5276,132.2625,-9.7276
888,132.2625,-39.3276,133.0625,-38.5276
889,132.2625,-38.5276,133.0625,-37.7276
890,132.2625,-37.7276,133.0625,-36.9276
891,132.2625,-36.9276,133.0625,-36.1276
892,132.2625,-36.1276,133.0625,-35.3276
893,132.2625,-35.3276,133.0625,-34.5276
894,132.2625,-34.5276,133.0625,-33.7276
895,132.2625,-33.7276,133.0625,-32.9276
896,132.2625,-32.9276,133.0625,-32.1276
897,132.2625,-32.1276,133.0625,-31.3276
898,132.2625,-31.3276,133.0625,-30.5276
899,132.2625,-30.5276,133.0625,-29.7276
900,132.2625,-29.7276,133.0625,-28.9276
901,132.2625,-28.9276,133.0625,-28.1276
902,132.2625,-28.1276,133.0625,-27.3276
903,132.2625,-27.3276,133.0625,-26.5276
904,132.2625,-26.5276,133.0625,-25.7276
905,132.2625,-25.7276,133.0625,-24.9276
906,132.2625,-24.9276,133.0625,-24.1276
907,132.2625,-24.1276,133.0625,-23.3276
908,132.2625,-23.3276,133.0625,-22.5276
909,132.2625,-22.5276,133.0625,-21.7276
910,132.2625,-21.7276,133.0625,-20.9276
911,132.2625,-20.9276,133.0625,-20.1276
912,132.2625,-20.1276,133.0625,-19.3276
913,132.2625,-19.3276,133.0625,-18.5276
914,132.2625,-18.5276,133.0625,-17.7276
915,132.2625,-17.7276,133.0625,-16.9276
916,132.2625,-16.9276,133.0625,-16.1276
917,132.2625,-16.1276,133.0625,-15.3276
918,132.2625,-15.3276,133.0625,-14.5276
919,132.2625,-14.5276,133.0625,-13.7276
920,132.2625,-13.7276,133.0625,-12.9276
921,132.2625,-12.9276,133.0625,-12.1276
922,132.2625,-12.1276,133.0625,-11.3276
923,132.2625,-11.3276,133.0625,-10.5276
924,132.2625,-10.5276,133.0625,-9.7276
925,133.0625,-39.3276,133.8625,-38.5276
926,133.0625,-38.5276,133.8625,-37.7276
927,133.0625,-37.7276,133.8625,-36.9276
928,133.0625,-36.9276,133.8625,-36.1276
929,133.0625,-36.1276,133.8625,-35.3276
930,133.0625,-35.3276,133.8625,-34.5276
931,133.0625,-34.5276,133.8625,-33.7276
932,133.0625,-33.7276,133.8625,-32.9276
933,133.0625,-32.9276,133.8625,-32.1276
934,133.0625,-32.1276,133.8625,-31.3276
935,133.0625,-31.3276,133.8625,-30.5276
936,133.0625,-30.5276,133.8625,-29.7276
937,133.0625,-29.7276,133.8625,-28.9276
938,133.0625,-28.9276,133.8625,-28.1276
939,133.0625,-28.1276,133.8625,-27.3276
940,133.0625,-27.3276,133.8625,-26.5276
941,133.0625,-26.5276,133.8625,-25.7276
942,133.0625,-25.7276,133.8625,-24.9276
943,133.0625,-24.9276,133.8625,-24.1276
944,133.0625,-24.1276,133.8625,-23.3276
945,133.0625,-23.3276,133.8625,-22.5276
946,133.0625,-22.5276,133.8625,-21.7276
947,133.0625,-21.7276,133.8625,-20.9276
948,133.0625,-20.9276,133.8625,-20.1276
949,133.0625,-20.1276,133.8625,-19.3276
950,133.0625,-19.3276,133.8625,-18.5276
951,133.0625,-18.5276,133.8625,-17.7276
952,133.0625,-17.7276,133.8625,-16.9276
953,133.0625,-16.9276,133.8625,-16.1276
954,133.0625,-16.1276,133.8625,-15.3276
955,133.0625,-15.3276,133.8625,-14.5276
956,133.0625,-14.5276,133.8625,-13.7276
957,133.0625,-13.7276,133.8625,-12.9276
958,133.0625,-12.9276,133.8625,-12.1276
959,133.0625,-12.1276,133.8625,-11.3276
960,133.0625,-11.3276,133.8625,-10.5276
961,133.0625,-10.5276,133.8625,-9.7276
962,133.8625,-39.3276,134.6625,-38.5276
963,133.8625,-38.5276,134.6625,-37.7276
964,133.8625,-37.7276,134.6625,-36.9276
965,133.8625,-36.9276,134.6625,-36.1276
966,133.8625,-36.1276,134.6625,-35.3276
967,133.8625,-35.3276,134.6625,-34.5276
968,133.8625,-34.5276,134.6625,-33.7276
969,133.8625,-33.7276,134.6625,-32.9276
970,133.8625,-32.9276,134.6625,-32.1276
971,133.8625,-32.1276,134.6625,-31.3276
972,133.8625,-31.3276,134.6625,-30.5276
973,133.8625,-30.5276,134.6625,-29.7276
974,133.8625,-29.7276,134.6625,-28.9276
975,133.8625,-28.9276,134.6625,-28.1276
976,133.8625,-28.1276,134.6625,-27.3276
977,133.8625,-27.3276,134.6625,-26.5276
978,133.8625,-26.5276,134.6625,-25.7276
979,133.8625,-25.7276,134.6625,-24.9276
980,133.8625,-24.9276,134.6625,-24.1276
981,133.8625,-24.1276,134.6625,-23.3276
982,133.8625,-23.3276,134.6625,-22.5276
983,133.8625,-22.5276,134.6625,-21.7276
984,133.8625,-21.7276,134.6625,-20.9276
985,133.8625,-20.9276,134.6625,-20.1276
986,133.8625,-20.1276,134.6625,-19.3276
987,133.8625,-19.3276,134.6625,-18.5276
988,133.8625,-18.5276,134.6625,-17.7276
989,133.8625,-17.7276,134.6625,-16.9276
990,133.8625,-16.9276,134.6625,-16.1276
991,133.8625,-16.1276,134.6625,-15.3276
992,133.8625,-15.3276,134.6625,-14.5276
993,133.8625,-14.5276,134.6625,-13.7276
994,133.8625,-13.7276,134.6625,-12.9276
995,133.8625,-12.9276,134.6625,-12.1276
996,133.8625,-12.1276,134.6625,-11.3276
997,133.8625,-11.3276,134.6625,-10.5276
998,133.8625,-10.5276,134.6625,-9.7276
999,134.6625,-39.3276,135.4625,-38.5276
1000,134.6625,-38.5276,135.4625,-37.7276
1001,134.6625,-37.7276,135.4625,-36.9276
1002,134.6625,-36.9276,135.4625,-36.1276
1003,134.6625,-36.1276,135.4625,-35.3276
1004,134.6625,-35.3276,135.4625,-34.5276
1005,134.6625,-34.5276,135.4625,-33.7276
1006,134.6625,-33.7276,135.4625,-32.9276
1007,134.6625,-32.9276,135.4625,-32.1276
1008,134.6625,-32.1276,135.4625,-31.3276
1009,134.6625,-31.3276,135.4625,-30.5276
1010,134.6625,-30.5276,135.4625,-29.7276
1011,134.6625,-29.7276,135.4625,-28.9276
1012,134.6625,-28.9276,135.4625,-28.1276
1013,134.6625,-28.1276,135.4625,-27.3276
1014,134.6625,-27.3276,135.4625,-26.5276
1015,134.6625,-26.5276,135.4625,-25.7276
1016,134.6625,-25.7276,135.4625,-24.9276
1017,134.6625,-24.9276,135.4625,-24.1276
1018,134.6625,-24.1276,135.4625,-23.3276
1019,134.6625,-23.3276,135.4625,-22.5276
1020,134.6625,-22.5276,135.4625,-21.7276
1021,134.6625,-21.7276,135.4625,-20.9276
1022,134.6625,-20.9276,135.4625,-20.1276
1023,134.6625,-20.1276,135.4625,-19.3276
1024,134.6625,-19.3276,135.4625,-18.5276
1025,134.6625,-18.5276,135.4625,-17.7276
1026,134.6625,-17.7276,135.4625,-16.9276
1027,134.6625,-16.9276,135.4625,-16.1276
1028,134.6625,-16.1276,135.4625,-15.3276
1029,134.6625,-15.3276,135.4625,-14.5276
1030,134.6625,-14.5276,135.4625,-13.7276
1031,134.6625,-13.7276,135.4625,-12.9276
1032,134.6625,-12.9276,135.4625,-12.1276
1033,134.6625,-12.1276,135.4625,-11.3276
1034,134.6625,-11.3276,135.4625,-10.5276
1035,134.6625,-10.5276,135.4625,-9.7276
1036,135.4625,-39.3276,136.2625,-38.5276
1037,135.4625,-38.5276,136.2625,-37.7276
1038,135.4625,-37.7276,136.2625,-36.9276
1039,135.4625,-36.9276,136.2625,-36.1276
1040,135.4625,-36.1276,136.2625,-35.3276
1041,135.4625,-35.3276,136.2625,-34.5276
1042,135.4625,-34.5276,136.2625,-33.7276
1043,135.4625,-33.7276,136.2625,-32.9276
1044,135.4625,-32.9276,136.2625,-32.1276
1045,135.4625,-32.1276,136.2625,-31.3276
1046,135.4625,-31.3276,136.2625,-30.5276
1047,135.4625,-30.5276,136.2625,-29.7276
1048,135.4625,-29.7276,136.2625,-28.9276
1049,135.4625,-28.9276,136.2625,-28.1276
1050,135.4625,-28.1276,136.2625,-27.3276
1051,135.4625,-27.3276,136.2625,-26.5276
1052,135.4625,-26.5276,136.2625,-25.7276
1053,135.4625,-25.7276,136.2625,-24.9276
1054,135.4625,-24.9276,136.2625,-24.1276
1055,135.4625,-24.1276,136.2625,-23.3276
1056,135.4625,-23.3276,136.2625,-22.5276
1057,135.4625,-22.5276,136.2625,-21.7276
1058,135.4625,-21.7276,136.2625,-20.9276
1059,135.4625,-20.9276,136.2625,-20.1276
1060,135.4625,-20.1276,136.2625,-19.3276
1061,135.4625,-19.3276,136.2625,-18.5276
1062,135.4625,-18.5276,136.2625,-17.7276
1063,135.4625,-17.7276,136.2625,-16.9276
1064,135.4625,-16.9276,136.2625,-16.1276
1065,135.4625,-16.1276,136.2625,-15.3276
1066,135.4625,-15.3276,136.2625,-14.5276
1067,135.4625,-14.5276,136.2625,-13.7276
1068,135.4625,-13.7276,136.2625,-12.9276
1069,135.4625,-12.9276,136.2625,-12.1276
1070,135.4625,-12.1276,136.2625,-11.3276
1071,135.4625,-11.3276,136.2625,-10.5276
1072,135.4625,-10.5276,136.2625,-9.7276
1073,136.2625,-39.3276,137.0625,-38.5276
1074,136.2625,-38.5276,137.0625,-37.7276
1075,136.2625,-37.7276,137.0625,-36.9276
1076,136.2625,-36.9276,137.0625,-36.1276
1077,136.2625,-36.1276,137.0625,-35.3276
1078,136.2625,-35.3276,137.0625,-34.5276
1079,136.2625,-34.5276,137.0625,-33.7276
1080,136.2625,-33.7276,137.0625,-32.9276
1081,136.2625,-32.9276,137.0625,-32.1276
1082,136.2625,-32.1276,137.0625,-31.3276
1083,136.2625,-31.3276,137.0625,-30.5276
1084,136.2625,-30.5276,137.0625,-29.7276
1085,136.2625,-29.7276,137.0625,-28.9276
1086,136.2625,-28.9276,137.0625,-28.1276
1087,136.2625,-28.1276,137.0625,-27.3276
1088,136.2625,-27.3276,137.0625,-26.5276
1089,136.2625,-26.5276,137.0625,-25.7276
1090,136.2625,-25.7276,137.0625,-24.9276
1091,136.2625,-24.9276,137.0625,-24.1276
1092,136.2625,-24.1276,137.0625,-23.3276
1093,136.2625,-23.3276,137.0625,-22.5276
1094,136.2625,-22.5276,137.0625,-21.7276
1095,136.2625,-21.7276,137.0625,-20.9276
1096,136.2625,-20.9276,137.0625,-20.1276
1097,136.2625,-20.1276,137.0625,-19.3276
1098,136.2625,-19.3276,137.0625,-18.5276
1099,136.2625,-18.5276,137.0625,-17.7276
1100,136.2625,-17.7276,137.0625,-16.9276
1101,136.2625,-16.9276,137.0625,-16.1276
1102,136.2625,-16.1276,137.0625,-15.3276
1103,136.2625,-15.3276,137.0625,-14.5276
1104,136.2625,-14.5276,137.0625,-13.7276
1105,136.2625,-13.7276,137.0625,-12.9276
1106,136.2625,-12.9276,137.0625,-12.1276
1107,136.2625,-12.1276,137.0625,-11.3276
1108,136.2625,-11.3276,137.0625,-10.5276
1109,136.2625,-10.5276,137.0625,-9.7276
1110,137.0625,-39.3276,137.8625,-38.5276
1111,137.0625,-38.5276,137.8625,-37.7276
1112,137.0625,-37.7276,137.8625,-36.9276
1113,137.0625,-36.9276,137.8625,-36.1276
1114,137.0625,-36.1276,137.8625,-35.3276
1115,137.0625,-35.3276,137.8625,-34.5276
1116,137.0625,-34.5276,137.8625,-33.7276
1117,137.0625,-33.7276,137.8625,-32.9276
1118,137.0625,-32.9276,137.8625,-32.1276
1119,137.0625,-32.1276,137.8625,-31.3276
1120,137.0625,-31.3276,137.8625,-30.5276
1121,137.0625,-30.5276,137.8625,-29.7276
1122,137.0625,-29.7276,137.8625,-28.9276
1123,137.0625,-28.9276,137.8625,-28.1276
1124,137.0625,-28.1276,137.8625,-27.3276
1125,137.0625,-27.3276,137.8625,-26.5276
1126,137.0625,-26.5276,137.8625,-25.7276
1127,137.0625,-25.7276,137.8625,-24.9276
1128,137.0625,-24.9276,137.8625,-24.1276
1129,137.0625,-24.1276,137.8625,-23.3276
1130,137.0625,-23.3276,137.8625,-22.5276
1131,137.0625,-22.5276,137.8625,-21.7276
1132,137.0625,-21.7276,137.8625,-20.9276
1133,137.0625,-20.9276,137.8625,-20.1276
1134,137.0625,-20.1276,137.8625,-19.3276
1135,137.0625,-19.3276,137.8625,-18.5276
1136,137.0625,-18.5276,137.8625,-17.7276
1137,137.0625,-17.7276,137.8625,-16.9276
1138,137.0625,-16.9276,137.8625,-16.1276
1139,137.0625,-16.1276,137.8625,-15.3276
1140,137.0625,-15.3276,137.8625,-14.5276
1141,137.0625,-14.5276,137.8625,-13.7276
1142,137.0625,-13.7276,137.8625,-12.9276
1143,137.0625,-12.9276,137.8625,-12.1276
1144,137.0625,-12.1276,137.8625,-11.3276
1145,137.0625,-11.3276,137.8625,-10.5276
1146,137.0625,-10.5276,137.8625,-9.7276
1147,137.8625,-39.3276,138.6625,-38.5276
1148,137.8625,-38.5276,138.6625,-37.7276
1149,137.8625,-37.7276,138.6625,-36.9276
1150,137.8625,-36.9276,138.6625,-36.1276
1151,137.8625,-36.1276,138.6625,-35.3276
1152,137.8625,-35.3276,138.6625,-34.5276
1153,137.8625,-34.5276,138.6625,-33.7276
1154,137.8625,-33.7276,138.6625,-32.9276
1155,137.8625,-32.9276,138.6625,-32.1276
1156,137.8625,-32.1276,138.6625,-31.3276
1157,137.8625,-31.3276,138.6625,-30.5276
1158,137.8625,-30.5276,138.6625,-29.7276
1159,137.8625,-29.7276,138.6625,-28.9276
1160,137.8625,-28.9276,138.6625,-28.1276
1161,137.8625,-28.1276,138.6625,-27.3276
1162,137.8625,-27.3276,138.6625,-26.5276
1163,137.8625,-26.5276,138.6625,-25.7276
1164,137.8625,-25.7276,138.6625,-24.9276
1165,137.8625,-24.9276,138.6625,-24.1276
1166,137.8625,-24.1276,138.6625,-23.3276
1167,137.8625,-23.3276,138.6625,-22.5276
1168,137.8625,-22.5276,138.6625,-21.7276
1169,137.8625,-21.7276,138.6625,-20.9276
1170,137.8625,-20.9276,138.6625,-20.1276
1171,137.8625,-20.1276,138.6625,-19.3276
1172,137.8625,-19.3276,138.6625,-18.5276
1173,137.8625,-18.5276,138.6625,-17.7276
1174,137.8625,-17.7276,138.6625,-16.9276
1175,137.8625,-16.9276,138.6625,-16.1276
1176,137.8625,-16.1276,138.6625,-15.3276
1177,137.8625,-15.3276,138.6625,-14.5276
1178,137.8625,-14.5276,138.6625,-13.7276
1179,137.8625,-13.7276,138.6625,-12.9276
1180,137.8625,-12.9276,138.6625,-12.1276
1181,137.8625,-12.1276,138.6625,-11.3276
1182,137.8625,-11.3276,138.6625,-10.5276
1183,137.8625,-10.5276,138.6625,-9.7276
1184,138.6625,-39.3276,139.4625,-38.5276
1185,138.6625,-38.5276,139.4625,-37.7276
1186,138.6625,-37.7276,139.4625,-36.9276
1187,138.6625,-36.9276,139.4625,-36.1276
1188,138.6625,-36.1276,139.4625,-35.3276
1189,138.6625,-35.3276,139.4625,-34.5276
1190,138.6625,-34.5276,139.4625,-33.7276
1191,138.6625,-33.7276,139.4625,-32.9276
1192,138.6625,-32.9276,139.4625,-32.1276
1193,138.6625,-32.1276,139.4625,-31.3276
1194,138.6625,-31.3276,139.4625,-30.5276
1195,138.6625,-30.5276,139.4625,-29.7276
1196,138.6625,-29.7276,139.4625,-28.9276
1197,138.6625,-28.9276,139.4625,-28.1276
1198,138.6625,-28.1276,139.4625,-27.3276
1199,138.6625,-27.3276,139.4625,-26.5276
1200,138.6625,-26.5276,139.4625,-25.7276
1201,138.6625,-25.7276,139.4625,-24.9276
1202,138.6625,-24.9276,139.4625,-24.1276
1203,138.6625,-24.1276,139.4625,-23.3276
1204,138.6625,-23.3276,139.4625,-22.5276
1205,138.6625,-22.5276,139.4625,-21.7276
1206,138.6625,-21.7276,139.4625,-20.9276
1207,138.6625,-20.9276,139.4625,-20.1276
1208,138.6625,-20.1276,139.4625,-19.3276
1209,138.6625,-19.3276,139.4625,-18.5276
1210,138.6625,-18.5276,139.4625,-17.7276
1211,138.6625,-17.7276,139.4625,-16.9276
1212,138.6625,-16.9276,139.4625,-16.1276
1213,138.6625,-16.1276,139.4625,-15.3276
1214,138.6625,-15.3276,139.4625,-14.5276
1215,138.6625,-14.5276,139.4625,-13.7276
1216,138.6625,-13.7276,139.4625,-12.9276
1217,138.6625,-12.9276,139.4625,-12.1276
1218,138.6625,-12.1276,139.4625,-11.3276
1219,138.6625,-11.3276,139.4625,-10.5276
1220,138.6625,-10.5276,139.4625,-9.7276
1221,139.4625,-39.3276,140.2625,-38.5276
1222,139.4625,-38.5276,140.2625,-37.7276
1223,139.4625,-37.7276,140.2625,-36.9276
1224,139.4625,-36.9276,140.2625,-36.1276
1225,139.4625,-36.1276,140.2625,-35.3276
1226,139.4625,-35.3276,140.2625,-34.5276
1227,139.4625,-34.5276,140.2625,-33.7276
1228,139.4625,-33.7276,140.2625,-32.9276
1229,139.4625,-32.9276,140.2625,-32.1276
1230,139.4625,-32.1276,140.2625,-31.3276
1231,139.4625,-31.3276,140.2625,-30.5276
1232,139.4625,-30.5276,140.2625,-29.7276
1233,139.4625,-29.7276,140.2625,-28.9276
1234,139.4625,-28.9276,140.2625,-28.1276
1235,139.4625,-28.1276,140.2625,-27.3276
1236,139.4625,-27.3276,140.2625,-26.5276
1237,139.4625,-26.5276,140.2625,-25.7276
1238,139.4625,-25.7276,140.2625,-24.9276
1239,139.4625,-24.9276,140.2625,-24.1276
1240,139.4625,-24.1276,140.2625,-23.3276
1241,139.4625,-23.3276,140.2625,-22.5276
1242,139.4625,-22.5276,140.2625,-21.7276
1243,139.4625,-21.7276,140.2625,-20.9276
1244,139.4625,-20.9276,140.2625,-20.1276
1245,139.4625,-20.1276,140.2625,-19.3276
1246,139.4625,-19.3276,140.2625,-18.5276
1247,139.4625,-18.5276,140.2625,-17.7276
1248,139.4625,-17.7276,140.2625,-16.9276
1249,139.4625,-16.9276,140.2625,-16.1276
1250,139.4625,-16.1276,140.2625,-15.3276
1251,139.4625,-15.3276,140.2625,-14.5276
1252,139.4625,-14.5276,140.2625,-13.7276
1253,139.4625,-13.7276,140.2625,-12.9276
1254,139.4625,-12.9276,140.2625,-12.1276
1255,139.4625,-12.1276,140.2625,-11.3276
1256,139.4625,-11.3276,140.2625,-10.5276
1257,139.4625,-10.5276,140.2625,-9.7276
1258,140.2625,-39.3276,141.0625,-38.5276
1259,140.2625,-38.5276,141.0625,-37.7276
1260,140.2625,-37.7276,141.0625,-36.9276
1261,140.2625,-36.9276,141.0625,-36.1276
1262,140.2625,-36.1276,141.0625,-35.3276
1263,140.2625,-35.3276,141.0625,-34.5276
1264,140.2625,-34.5276,141.0625,-33.7276
1265,140.2625,-33.7276,141.0625,-32.9276
1266,140.2625,-32.9276,141.0625,-32.1276
1267,140.2625,-32.1276,141.0625,-31.3276
1268,140.2625,-31.3276,141.0625,-30.5276
1269,140.2625,-30.5276,141.0625,-29.7276
1270,140.2625,-29.7276,141.0625,-28.9276
1271,140.2625,-28.9276,141.0625,-28.1276
1272,140.2625,-28.1276,141.0625,-27.3276
1273,140.2625,-27.3276,141.0625,-26.5276
1274,140.2625,-26.5276,141.0625,-25.7276
1275,140.2625,-25.7276,141.0625,-24.9276
1276,140.2625,-24.9276,141.0625,-24.1276
1277,140.2625,-24.1276,141.0625,-23.3276
1278,140.2625,-23.3276,141.0625,-22.5276
1279,140.2625,-22.5276,141.0625,-21.7276
1280,140.2625,-21.7276,141.0625,-20.9276
1281,140.2625,-20.9276,141.0625,-20.1276
1282,140.2625,-20.1276,141.0625,-19.3276
1283,140.2625,-19.3276,141.0625,-18.5276
1284,140.2625,-18.5276,141.0625,-17.7276
1285,140.2625,-17.7276,141.0625,-16.9276
1286,140.2625,-16.9276,141.0625,-16.1276
1287,140.2625,-16.1276,141.0625,-15.3276
1288,140.2625,-15.3276,141.0625,-14.5276
1289,140.2625,-14.5276,141.0625,-13.7276
1290,140.2625,-13.7276,141.0625,-12.9276
1291,140.2625,-12.9276,141.0625,-12.1276
1292,140.2625,-12.1276,141.0625,-11.3276
1293,140.2625,-11.3276,141.0625,-10.5276
1294,140.2625,-10.5276,141.0625,-9.7276
1295,141.0625,-39.3276,141.8625,-38.5276
1296,141.0625,-38.5276,141.8625,-37.7276
1297,141.0625,-37.7276,141.8625,-36.9276
1298,141.0625,-36.9276,141.8625,-36.1276
1299,141.0625,-36.1276,141.8625,-35.3276
1300,141.0625,-35.3276,141.8625,-34.5276
1301,141.0625,-34.5276,141.8625,-33.7276
1302,141.0625,-33.7276,141.8625,-32.9276
1303,141.0625,-32.9276,141.8625,-32.1276
1304,141.0625,-32.1276,141.8625,-31.3276
1305,141.0625,-31.3276,141.8625,-30.5276
1306,141.0625,-30.5276,141.8625,-29.7276
1307,141.0625,-29.7276,141.8625,-28.9276
1308,141.0625,-28.9276,141.8625,-28.1276
1309,141.0625,-28.1276,141.8625,-27.3276
1310,141.0625,-27.3276,141.8625,-26.5276
1311,141.0625,-26.5276,141.8625,-25.7276
1312,141.0625,-25.7276,141.8625,-24.9276
1313,141.0625,-24.9276,141.8625,-24.1276
1314,141.0625,-24.1276,141.8625,-23.3276
1315,141.0625,-23.3276,141.8625,-22.5276
1316,141.0625,-22.5276,141.8625,-21.7276
1317,141.0625,-21.7276,141.8625,-20.9276
1318,141.0625,-20.9276,141.8625,-20.1276
1319,141.0625,-20.1276,141.8625,-19.3276
1320,141.0625,-19.3276,141.8625,-18.5276
1321,141.0625,-18.5276,141.8625,-17.7276
1322,141.0625,-17.7276,141.8625,-16.9276
1323,141.0625,-16.9276,141.8625,-16.1276
1324,141.0625,-16.1276,141.8625,-15.3276
1325,141.0625,-15.3276,141.8625,-14.5276
1326,141.0625,-14.5276,141.8625,-13.7276
1327,141.0625,-13.7276,141.8625,-12.9276
1328,141.0625,-12.9276,141.8625,-12.1276
1329,141.0625,-12.1276,141.8625,-11.3276
1330,141.0625,-11.3276,141.8625,-10.5276
1331,141.0625,-10.5276,141.8625,-9.7276
1332,141.8625,-39.3276,142.6625,-38.5276
1333,141.8625,-38.5276,142.6625,-37.7276
1334,141.8625,-37.7276,142.6625,-36.9276
1335,141.8625,-36.9276,142.6625,-36.1276
1336,141.8625,-36.1276,142.6625,-35.3276
1337,141.8625,-35.3276,142.6625,-34.5276
1338,141.8625,-34.5276,142.6625,-33.7276
1339,141.8625,-33.7276,142.6625,-32.9276
1340,141.8625,-32.9276,142.6625,-32.1276
1341,141.8625,-32.1276,142.6625,-31.3276
1342,141.8625,-31.3276,142.6625,-30.5276
1343,141.8625,-30.5276,142.6625,-29.7276
1344,141.8625,-29.7276,142.6625,-28.9276
1345,141.8625,-28.9276,142.6625,-28.1276
1346,141.8625,-28.1276,142.6625,-27.3276
1347,141.8625,-27.3276,142.6625,-26.5276
1348,141.8625,-26.5276,142.6625,-25.7276
1349,141.8625,-25.7276,142.6625,-24.9276
1350,141.8625,-24.9276,142.6625,-24.1276
1351,141.8625,-24.1276,142.6625,-23.3276
1352,141.8625,-23.3276,142.6625,-22.5276
1353,141.8625,-22.5276,142.6625,-21.7276
1354,141.8625,-21.7276,142.6625,-20.9276
1355,141.8625,-20.9276,142.6625,-20.1276
1356,141.8625,-20.1276,142.6625,-19.3276
1357,141.8625,-19.3276,142.6625,-18.5276
1358,141.8625,-18.5276,142.6625,-17.7276
1359,141.8625,-17.7276,142.6625,-16.9276
1360,141.8625,-16.9276,142.6625,-16.1276
1361,141.8625,-16.1276,142.6625,-15.3276
1362,141.8625,-15.3276,142.6625,-14.5276
1363,141.8625,-14.5276,142.6625,-13.7276
1364,141.8625,-13.7276,142.6625,-12.9276
1365,141.8625,-12.9276,142.6625,-12.1276
1366,141.8625,-12.1276,142.6625,-11.3276
1367,141.8625,-11.3276,142.6625,-10.5276
1368,141.8625,-10.5276,142.6625,-9.7276
1369,142.6625,-39.3276,143.4625,-38.5276
1370,142.6625,-38.5276,143.4625,-37.7276
1371,142.6625,-37.7276,143.4625,-36.9276
1372,142.6625,-36.9276,143.4625,-36.1276
1373,142.6625,-36.1276,143.4625,-35.3276
1374,142.6625,-35.3276,143.4625,-34.5276
1375,142.6625,-34.5276,143.4625,-33.7276
1376,142.6625,-33.7276,143.4625,-32.9276
1377,142.6625,-32.9276,143.4625,-32.1276
1378,142.6625,-32.1276,143.4625,-31.3276
1379,142.6625,-31.3276,143.4625,-30.5276
1380,142.6625,-30.5276,143.4625,-29.7276
1381,142.6625,-29.7276,143.4625,-28.9276
1382,142.6625,-28.9276,143.4625,-28.1276
1383,142.6625,-28.1276,143.4625,-27.3276
1384,142.6625,-27.3276,143.4625,-26.5276
1385,142.6625,-26.5276,143.4625,-25.7276
1386,142.6625,-25.7276,143.4625,-24.9276
1387,142.6625,-24.9276,143.4625,-24.1276
1388,142.6625,-24.1276,143.4625,-23.3276
1389,142.6625,-23.3276,143.4625,-22.5276
1390,142.6625,-22.5276,143.4625,-21.7276
1391,142.6625,-21.7276,143.4625,-20.9276
1392,142.6625,-20.9276,143.4625,-20.1276
1393,142.6625,-20.1276,143.4625,-19.3276
1394,142.6625,-19.3276,143.4625,-18.5276
1395,142.6625,-18.5276,143.4625,-17.7276
1396,142.6625,-17.7276,143.4625,-16.9276
1397,142.6625,-16.9276,143.4625,-16.1276
1398,142.6625,-16.1276,143.4625,-15.3276
1399,142.6625,-15.3276,143.4625,-14.5276
1400,142.6625,-14.5276,143.4625,-13.7276
1401,142.6625,-13.7276,143.4625,-12.9276
1402,142.6625,-12.9276,143.4625,-12.1276
1403,142.6625,-12.1276,143.4625,-11.3276
1404,142.6625,-11.3276,143.4625,-10.5276
1405,142.6625,-10.5276,143.4625,-9.7276
1406,143.4625,-39.3276,144.2625,-38.5276
1407,143.4625,-38.5276,144.2625,-37.7276
1408,143.4625,-37.7276,144.2625,-36.9276
1409,143.4625,-36.9276,144.2625,-36.1276
1410,143.4625,-36.1276,144.2625,-35.3276
1411,143.4625,-35.3276,144.2625,-34.5276
1412,143.4625,-34.5276,144.2625,-33.7276
1413,143.4625,-33.7276,144.2625,-32.9276
1414,143.4625,-32.9276,144.2625,-32.1276
1415,143.4625,-32.1276,144.2625,-31.3276
1416,143.4625,-31.3276,144.2625,-30.5276
1417,143.4625,-30.5276,144.2625,-29.7276
1418,143.4625,-29.7276,144.2625,-28.9276
1419,143.4625,-28.9276,144.2625,-28.1276
1420,143.4625,-28.1276,144.2625,-27.3276
1421,143.4625,-27.3276,144.2625,-26.5276
1422,143.4625,-26.5276,144.2625,-25.7276
1423,143.4625,-25.7276,144.2625,-24.9276
1424,143.4625,-24.9276,144.2625,-24.1276
1425,143.4625,-24.1276,144.2625,-23.3276
1426,143.4625,-23.3276,144.2625,-22.5276
1427,143.4625,-22.5276,144.2625,-21.7276
1428,143.4625,-21.7276,144.2625,-20.9276
1429,143.4625,-20.9276,144.2625,-20.1276
1430,143.4625,-20.1276,144.2625,-19.3276
1431,143.4625,-19.3276,144.2625,-18.5276
1432,143.4625,-18.5276,144.2625,-17.7276
1433,143.4625,-17.7276,144.2625,-16.9276
1434,143.4625,-16.9276,144.2625,-16.1276
1435,143.4625,-16.1276,144.2625,-15.3276
1436,143.4625,-15.3276,144.2625,-14.5276
1437,143.4625,-14.5276,144.2625,-13.7276
1438,143.4625,-13.7276,144.2625,-12.9276
1439,143.4625,-12.9276,144.2625,-12.1276
1440,143.4625,-12.1276,144.2625,-11.3276
1441,143.4625,-11.3276,144.2625,-10.5276
1442,143.4625,-10.5276,144.2625,-9.7276
1443,144.2625,-39.3276,145.0625,-38.5276
1444,144.2625,-38.5276,145.0625,-37.7276
1445,144.2625,-37.7276,145.0625,-36.9276
1446,144.2625,-36.9276,145.0625,-36.1276
1447,144.2625,-36.1276,145.0625,-35.3276
1448,144.2625,-35.3276,145.0625,-34.5276
1449,144.2625,-34.5276,145.0625,-33.7276
1450,144.2625,-33.7276,145.0625,-32.9276
1451,144.2625,-32.9276,145.0625,-32.1276
1452,144.2625,-32.1276,145.0625,-31.3276
1453,144.2625,-31.3276,145.0625,-30.5276
1454,144.2625,-30.5276,145.0625,-29.7276
1455,144.2625,-29.7276,145.0625,-28.9276
1456,144.2625,-28.9276,145.0625,-28.1276
1457,144.2625,-28.1276,145.0625,-27.3276
1458,144.2625,-27.3276,145.0625,-26.5276
1459,144.2625,-26.5276,145.0625,-25.7276
1460,144.2625,-25.7276,145.0625,-24.9276
1461,144.2625,-24.9276,145.0625,-24.1276
1462,144.2625,-24.1276,145.0625,-23.3276
1463,144.2625,-23.3276,145.0625,-22.5276
1464,144.2625,-22.5276,145.0625,-21.7276
1465,144.2625,-21.7276,145.0625,-20.9276
1466,144.2625,-20.9276,145.0625,-20.1276
1467,144.2625,-20.1276,145.0625,-19.3276
1468,144.2625,-19.3276,145.0625,-18.5276
1469,144.2625,-18.5276,145.0625,-17.7276
1470,144.2625,-17.7276,145.0625,-16.9276
1471,144.2625,-16.9276,145.0625,-16.1276
1472,144.2625,-16.1276,145.0625,-15.3276
1473,144.2625,-15.3276,145.0625,-14.5276
1474,144.2625,-14.5276,145.0625,-13.7276
1475,144.2625,-13.7276,145.0625,-12.9276
1476,144.2625,-12.9276,145.0625,-12.1276
1477,144.2625,-12.1276,145.0625,-11.3276
1478,144.2625,-11.3276,145.0625,-10.5276
1479,144.2625,-10.5276,145.0625,-9.7276
1480,145.0625,-39.3276,145.8625,-38.5276
1481,145.0625,-38.5276,145.8625,-37.7276
1482,145.0625,-37.7276,145.8625,-36.9276
1483,145.0625,-36.9276,145.8625,-36.1276
1484,145.0625,-36.1276,145.8625,-35.3276
1485,145.0625,-35.3276,145.8625,-34.5276
1486,145.0625,-34.5276,145.8625,-33.7276
1487,145.0625,-33.7276,145.8625,-32.9276
1488,145.0625,-32.9276,145.8625,-32.1276
1489,145.0625,-32.1276,145.8625,-31.3276
1490,145.0625,-31.3276,145.8625,-30.5276
1491,145.0625,-30.5276,145.8625,-29.7276
1492,145.0625,-29.7276,145.8625,-28.9276
1493,145.0625,-28.9276,145.8625,-28.1276
1494,145.0625,-28.1276,145.8625,-27.3276
1495,145.0625,-27.3276,145.8625,-26.5276
1496,145.0625,-26.5276,145.8625,-25.7276
1497,145.0625,-25.7276,145.8625,-24.9276
1498,145.0625,-24.9276,145.8625,-24.1276
1499,145.0625,-24.1276,145.8625,-23.3276
1500,145.0625,-23.3276,145.8625,-22.5276
1501,145.0625,-22.5276,145.8625,-21.7276
1502,145.0625,-21.7276,145.8625,-20.9276
1503,145.0625,-20.9276,145.8625,-20.1276
1504,145.0625,-20.1276,145.8625,-19.3276
1505,145.0625,-19.3276,145.8625,-18.5276
1506,145.0625,-18.5276,145.8625,-17.7276
1507,145.0625,-17.7276,145.8625,-16.9276
1508,145.0625,-16.9276,145.8625,-16.1276
1509,145.0625,-16.1276,145.8625,-15.3276
1510,145.0625,-15.3276,145.8625,-14.5276
1511,145.0625,-14.5276,145.8625,-13.7276
1512,145.0625,-13.7276,145.8625,-12.9276
1513,145.0625,-12.9276,145.8625,-12.1276
1514,145.0625,-12.1276,145.8625,-11.3276
1515,145.0625,-11.3276,145.8625,-10.5276
1516,145.0625,-10.5276,145.8625,-9.7276
1517,145.8625,-39.3276,146.6625,-38.5276
1518,145.8625,-38.5276,146.6625,-37.7276
1519,145.8625,-37.7276,146.6625,-36.9276
1520,145.8625,-36.9276,146.6625,-36.1276
1521,145.8625,-36.1276,146.6625,-35.3276
1522,145.8625,-35.3276,146.6625,-34.5276
1523,145.8625,-34.5276,146.6625,-33.7276
1524,145.8625,-33.7276,146.6625,-32.9276
1525,145.8625,-32.9276,146.6625,-32.1276
1526,145.8625,-32.1276,146.6625,-31.3276
1527,145.8625,-31.3276,146.6625,-30.5276
1528,145.8625,-30.5276,146.6625,-29.7276
1529,145.8625,-29.7276,146.6625,-28.9276
1530,145.8625,-28.9276,146.6625,-28.1276
1531,145.8625,-28.1276,146.6625,-27.3276
1532,145.8625,-27.3276,146.6625,-26.5276
1533,145.8625,-26.5276,146.6625,-25.7276
1534,145.8625,-25.7276,146.6625,-24.9276
1535,145.8625,-24.9276,146.6625,-24.1276
1536,145.8625,-24.1276,146.6625,-23.3276
1537,145.8625,-23.3276,146.6625,-22.5276
1538,145.8625,-22.5276,146.6625,-21.7276
1539,145.8625,-21.7276,146.6625,-20.9276
1540,145.8625,-20.9276,146.6625,-20.1276
1541,145.8625,-20.1276,146.6625,-19.3276
1542,145.8625,-19.3276,146.6625,-18.5276
1543,145.8625,-18.5276,146.6625,-17.7276
1544,145.8625,-17.7276,146.6625,-16.9276
1545,145.8625,-16.9276,146.6625,-16.1276
1546,145.8625,-16.1276,146.6625,-15.3276
1547,145.8625,-15.3276,146.6625,-14.5276
1548,145.8625,-14.5276,146.6625,-13.7276
1549,145.8625,-13.7276,146.6625,-12.9276
1550,145.8625,-12.9276,146.6625,-12.1276
1551,145.8625,-12.1276,146.6625,-11.3276
1552,145.8625,-11.3276,146.6625,-10.5276
1553,145.8625,-10.5276,146.6625,-9.7276
1554,146.6625,-39.3276,147.4625,-38.5276
1555,146.6625,-38.5276,147.4625,-37.7276
1556,146.6625,-37.7276,147.4625,-36.9276
1557,146.6625,-36.9276,147.4625,-36.1276
1558,146.6625,-36.1276,147.4625,-35.3276
1559,146.6625,-35.3276,147.4625,-34.5276
1560,146.6625,-34.5276,147.4625,-33.7276
1561,146.6625,-33.7276,147.4625,-32.9276
1562,146.6625,-32.9276,147.4625,-32.1276
1563,146.6625,-32.1276,147.4625,-31.3276
1564,146.6625,-31.3276,147.4625,-30.5276
1565,146.6625,-30.5276,147.4625,-29.7276
1566,146.6625,-29.7276,147.4625,-28.9276
1567,146.6625,-28.9276,147.4625,-28.1276
1568,146.6625,-28.1276,147.4625,-27.3276
1569,146.6625,-27.3276,147.4625,-26.5276
1570,146.6625,-26.5276,147.4625,-25.7276
1571,146.6625,-25.7276,147.4625,-24.9276
1572,146.6625,-24.9276,147.4625,-24.1276
1573,146.6625,-24.1276,147.4625,-23.3276
1574,146.6625,-23.3276,147.4625,-22.5276
1575,146.6625,-22.5276,147.4625,-21.7276
1576,146.6625,-21.7276,147.4625,-20.9276
1577,146.6625,-20.9276,147.4625,-20.1276
1578,146.6625,-20.1276,147.4625,-19.3276
1579,146.6625,-19.3276,147.4625,-18.5276
1580,146.6625,-18.5276,147.4625,-17.7276
1581,146.6625,-17.7276,147.4625,-16.9276
1582,146.6625,-16.9276,147.4625,-16.1276
1583,146.6625,-16.1276,147.4625,-15.3276
1584,146.6625,-15.3276,147.4625,-14.5276
1585,146.6625,-14.5276,147.4625,-13.7276
1586,146.6625,-13.7276,147.4625,-12.9276
1587,146.6625,-12.9276,147.4625,-12.1276
1588,146.6625,-12.1276,147.4625,-11.3276
1589,146.6625,-11.3276,147.4625,-10.5276
1590,146.6625,-10.5276,147.4625,-9.7276
1591,147.4625,-39.3276,148.2625,-38.5276
1592,147.4625,-38.5276,148.2625,-37.7276
1593,147.4625,-37.7276,148.2625,-36.9276
1594,147.4625,-36.9276,148.2625,-36.1276
1595,147.4625,-36.1276,148.2625,-35.3276
1596,147.4625,-35.3276,148.2625,-34.5276
1597,147.4625,-34.5276,148.2625,-33.7276
1598,147.4625,-33.7276,148.2625,-32.9276
1599,147.4625,-32.9276,148.2625,-32.1276
1600,147.4625,-32.1276,148.2625,-31.3276
1601,147.4625,-31.3276,148.2625,-30.5276
1602,147.4625,-30.5276,148.2625,-29.7276
1603,147.4625,-29.7276,148.2625,-28.9276
1604,147.4625,-28.9276,148.2625,-28.1276
1605,147.4625,-28.1276,148.2625,-27.3276
1606,147.4625,-27.3276,148.2625,-26.5276
1607,147.4625,-26.5276,148.2625,-25.7276
1608,147.4625,-25.7276,148.2625,-24.9276
1609,147.4625,-24.9276,148.2625,-24.1276
1610,147.4625,-24.1276,148.2625,-23.3276
1611,147.4625,-23.3276,148.2625,-22.5276
1612,147.4625,-22.5276,148.2625,-21.7276
1613,147.4625,-21.7276,148.2625,-20.9276
1614,147.4625,-20.9276,148.2625,-20.1276
1615,147.4625,-20.1276,148.2625,-19.3276
1616,147.4625,-19.3276,148.2625,-18.5276
1617,147.4625,-18.5276,148.2625,-17.7276
1618,147.4625,-17.7276,148.2625,-16.9276
1619,147.4625,-16.9276,148.2625,-16.1276
1620,147.4625,-16.1276,148.2625,-15.3276
1621,147.4625,-15.3276,148.2625,-14.5276
1622,147.4625,-14.5276,148.2625,-13.7276
1623,147.4625,-13.7276,148.2625,-12.9276
1624,147.4625,-12.9276,148.2625,-12.1276
1625,147.4625,-12.1276,148.2625,-11.3276
1626,147.4625,-11.3276,148.2625,-10.5276
1627,147.4625,-10.5276,148.2625,-9.7276
1628,148.2625,-39.3276,149.0625,-38.5276
1629,148.2625,-38.5276,149.0625,-37.7276
1630,148.2625,-37.7276,149.0625,-36.9276
1631,148.2625,-36.9276,149.0625,-36.1276
1632,148.2625,-36.1276,149.0625,-35.3276
1633,148.2625,-35.3276,149.0625,-34.5276
1634,148.2625,-34.5276,149.0625,-33.7276
1635,148.2625,-33.7276,149.0625,-32.9276
1636,148.2625,-32.9276,149.0625,-32.1276
1637,148.2625,-32.1276,149.0625,-31.3276
1638,148.2625,-31.3276,149.0625,-30.5276
1639,148.2625,-30.5276,149.0625,-29.7276
1640,148.2625,-29.7276,149.0625,-28.9276
1641,148.2625,-28.9276,149.0625,-28.1276
1642,148.2625,-28.1276,149.0625,-27.3276
1643,148.2625,-27.3276,149.0625,-26.5276
1644,148.2625,-26.5276,149.0625,-25.7276
1645,148.2625,-25.7276,149.0625,-24.9276
1646,148.2625,-24.9276,149.0625,-24.1276
1647,148.2625,-24.1276,149.0625,-23.3276
1648,148.2625,-23.3276,149.0625,-22.5276
1649,148.2625,-22.5276,149.0625,-21.7276
1650,148.2625,-21.7276,149.0625,-20.9276
1651,148.2625,-20.9276,149.0625,-20.1276
1652,148.2625,-20.1276,149.0625,-19.3276
1653,148.2625,-19.3276,149.0625,-18.5276
1654,148.2625,-18.5276,149.0625,-17.7276
1655,148.2625,-17.7276,149.0625,-16.9276
1656,148.2625,-16.9276,149.0625,-16.1276
1657,148.2625,-16.1276,149.0625,-15.3276
1658,148.2625,-15.3276,149.0625,-14.5276
1659,148.2625,-14.5276,149.0625,-13.7276
1660,148.2625,-13.7276,149.0625,-12.9276
1661,148.2625,-12.9276,149.0625,-12.1276
1662,148.2625,-12.1276,149.0625,-11.3276
1663,148.2625,-11.3276,149.0625,-10.5276
1664,148.2625,-10.5276,149.0625,-9.7276
1665,149.0625,-39.3276,149.8625,-38.5276
1666,149.0625,-38.5276,149.8625,-37.7276
1667,149.0625,-37.7276,149.8625,-36.9276
1668,149.0625,-36.9276,149.8625,-36.1276
1669,149.0625,-36.1276,149.8625,-35.3276
1670,149.0625,-35.3276,149.8625,-34.5276
1671,149.0625,-34.5276,149.8625,-33.7276
1672,149.0625,-33.7276,149.8625,-32.9276
1673,149.0625,-32.9276,149.8625,-32.1276
1674,149.0625,-32.1276,149.8625,-31.3276
1675,149.0625,-31.3276,149.8625,-30.5276
1676,149.0625,-30.5276,149.8625,-29.7276
1677,149.0625,-29.7276,149.8625,-28.9276
1678,149.0625,-28.9276,149.8625,-28.1276
1679,149.0625,-28.1276,149.8625,-27.3276
1680,149.0625,-27.3276,149.8625,-26.5276
1681,149.0625,-26.5276,149.8625,-25.7276
1682,149.0625,-25.7276,149.8625,-24.9276
1683,149.0625,-24.9276,149.8625,-24.1276
1684,149.0625,-24.1276,149.8625,-23.3276
1685,149.0625,-23.3276,149.8625,-22.5276
1686,149.0625,-22.5276,149.8625,-21.7276
1687,149.0625,-21.7276,149.8625,-20.9276
1688,149.0625,-20.9276,149.8625,-20.1276
1689,149.0625,-20.1276,149.8625,-19.3276
1690,149.0625,-19.3276,149.8625,-18.5276
1691,149.0625,-18.5276,149.8625,-17.7276
1692,149.0625,-17.7276,149.8625,-16.9276
1693,149.0625,-16.9276,149.8625,-16.1276
1694,149.0625,-16.1276,149.8625,-15.3276
1695,149.0625,-15.3276,149.8625,-14.5276
1696,149.0625,-14.5276,149.8625,-13.7276
1697,149.0625,-13.7276,149.8625,-12.9276
1698,149.0625,-12.9276,149.8625,-12.1276
1699,149.0625,-12.1276,149.8625,-11.3276
1700,149.0625,-11.3276,149.8625,-10.5276
1701,149.0625,-10.5276,149.8625,-9.7276
1702,149.8625,-39.3276,150.6625,-38.5276
1703,149.8625,-38.5276,150.6625,-37.7276
1704,149.8625,-37.7276,150.6625,-36.9276
1705,149.8625,-36.9276,150.6625,-36.1276
1706,149.8625,-36.1276,150.6625,-35.3276
1707,149.8625,-35.3276,150.6625,-34.5276
1708,149.8625,-34.5276,150.6625,-33.7276
1709,149.8625,-33.7276,150.6625,-32.9276
1710,149.8625,-32.9276,150.6625,-32.1276
1711,149.8625,-32.1276,150.6625,-31.3276
1712,149.8625,-31.3276,150.6625,-30.5276
1713,149.8625,-30.5276,150.6625,-29.7276
1714,149.8625,-29.7276,150.6625,-28.9276
1715,149.8625,-28.9276,150.6625,-28.1276
1716,149.8625,-28.1276,150.6625,-27.3276
1717,149.8625,-27.3276,150.6625,-26.5276
1718,149.8625,-26.5276,150.6625,-25.7276
1719,149.8625,-25.7276,150.6625,-24.9276
1720,149.8625,-24.9276,150.6625,-24.1276
1721,149.8625,-24.1276,150.6625,-23.3276
1722,149.8625,-23.3276,150.6625,-22.5276
1723,149.8625,-22.5276,150.6625,-21.7276
1724,149.8625,-21.7276,150.6625,-20.9276
1725,149.8625,-20.9276,150.6625,-20.1276
1726,149.8625,-20.1276,150.6625,-19.3276
1727,149.8625,-19.3276,150.6625,-18.5276
1728,149.8625,-18.5276,150.6625,-17.7276
1729,149.8625,-17.7276,150.6625,-16.9276
1730,149.8625,-16.9276,150.6625,-16.1276
1731,149.8625,-16.1276,150.6625,-15.3276
1732,149.8625,-15.3276,150.6625,-14.5276
1733,149.8625,-14.5276,150.6625,-13.7276
1734,149.8625,-13.7276,150.6625,-12.9276
1735,149.8625,-12.9276,150.6625,-12.1276
1736,149.8625,-12.1276,150.6625,-11.3276
1737,149.8625,-11.3276,150.6625,-10.5276
1738,149.8625,-10.5276,150.6625,-9.7276
1739,150.6625,-39.3276,151.4625,-38.5276
1740,150.6625,-38.5276,151.4625,-37.7276
1741,150.6625,-37.7276,151.4625,-36.9276
1742,150.6625,-36.9276,151.4625,-36.1276
1743,150.6625,-36.1276,151.4625,-35.3276
1744,150.6625,-35.3276,151.4625,-34.5276
1745,150.6625,-34.5276,151.4625,-33.7276
1746,150.6625,-33.7276,151.4625,-32.9276
1747,150.6625,-32.9276,151.4625,-32.1276
1748,150.6625,-32.1276,151.4625,-31.3276
1749,150.6625,-31.3276,151.4625,-30.5276
1750,150.6625,-30.5276,151.4625,-29.7276
1751,150.6625,-29.7276,151.4625,-28.9276
1752,150.6625,-28.9276,151.4625,-28.1276
1753,150.6625,-28.1276,151.4625,-27.3276
1754,150.6625,-27.3276,151.4625,-26.5276
1755,150.6625,-26.5276,151.4625,-25.7276
1756,150.6625,-25.7276,151.4625,-24.9276
1757,150.6625,-24.9276,151.4625,-24.1276
1758,150.6625,-24.1276,151.4625,-23.3276
1759,150.6625,-23.3276,151.4625,-22.5276
1760,150.6625,-22.5276,151.4625,-21.7276
1761,150.6625,-21.7276,151.4625,-20.9276
1762,150.6625,-20.9276,151.4625,-20.1276
1763,150.6625,-20.1276,151.4625,-19.3276
1764,150.6625,-19.3276,151.4625,-18.5276
1765,150.6625,-18.5276,151.4625,-17.7276
1766,150.6625,-17.7276,151.4625,-16.9276
1767,150.6625,-16.9276,151.4625,-16.1276
1768,150.6625,-16.1276,151.4625,-15.3276
1769,150.6625,-15.3276,151.4625,-14.5276
1770,150.6625,-14.5276,151.4625,-13.7276
1771,150.6625,-13.7276,151.4625,-12.9276
1772,150.6625,-12.9276,151.4625,-12.1276
1773,150.6625,-12.1276,151.4625,-11.3276
1774,150.6625,-11.3276,151.4625,-10.5276
1775,150.6625,-10.5276,151.4625,-9.7276
1776,151.4625,-39.3276,152.2625,-38.5276
1777,151.4625,-38.5276,152.2625,-37.7276
1778,151.4625,-37.7276,152.2625,-36.9276
1779,151.4625,-36.9276,152.2625,-36.1276
1780,151.4625,-36.1276,152.2625,-35.3276
1781,151.4625,-35.3276,152.2625,-34.5276
1782,151.4625,-34.5276,152.2625,-33.7276
1783,151.4625,-33.7276,152.2625,-32.9276
1784,151.4625,-32.9276,152.2625,-32.1276
1785,151.4625,-32.1276,152.2625,-31.3276
1786,151.4625,-31.3276,152.2625,-30.5276
1787,151.4625,-30.5276,152.2625,-29.7276
1788,151.4625,-29.7276,152.2625,-28.9276
1789,151.4625,-28.9276,152.2625,-28.1276
1790,151.4625,-28.1276,152.2625,-27.3276
1791,151.4625,-27.3276,152.2625,-26.5276
1792,151.4625,-26.5276,152.2625,-25.7276
1793,151.4625,-25.7276,152.2625,-24.9276
1794,151.4625,-24.9276,152.2625,-24.1276
1795,151.4625,-24.1276,152.2625,-23.3276
1796,151.4625,-23.3276,152.2625,-22.5276
1797,151.4625,-22.5276,152.2625,-21.7276
1798,151.4625,-21.7276,152.2625,-20.9276
1799,151.4625,-20.9276,152.2625,-20.1276
1800,151.4625,-20.1276,152.2625,-19.3276
1801,151.4625,-19.3276,152.2625,-18.5276
1802,151.4625,-18.5276,152.2625,-17.7276
1803,151.4625,-17.7276,152.2625,-16.9276
1804,151.4625,-16.9276,152.2625,-16.1276
1805,151.4625,-16.1276,152.2625,-15.3276
1806,151.4625,-15.3276,152.2625,-14.5276
1807,151.4625,-14.5276,152.2625,-13.7276
1808,151.4625,-13.7276,152.2625,-12.9276
1809,151.4625,-12.9276,152.2625,-12.1276
1810,151.4625,-12.1276,152.2625,-11.3276
1811,151.4625,-11.3276,152.2625,-10.5276
1812,151.4625,-10.5276,152.2625,-9.7276
1813,152.2625,-39.3276,153.0625,-38.5276
1814,152.2625,-38.5276,153.0625,-37.7276
1815,152.2625,-37.7276,153.0625,-36.9276
1816,152.2625,-36.9276,153.0625,-36.1276
1817,152.2625,-36.1276,153.0625,-35.3276
1818,152.2625,-35.3276,153.0625,-34.5276
1819,152.2625,-34.5276,153.0625,-33.7276
1820,152.2625,-33.7276,153.0625,-32.9276
1821,152.2625,-32.9276,153.0625,-32.1276
1822,152.2625,-32.1276,153.0625,-31.3276
1823,152.2625,-31.3276,153.0625,-30.5276
1824,152.2625,-30.5276,153.0625,-29.7276
1825,152.2625,-29.7276,153.0625,-28.9276
1826,152.2625,-28.9276,153.0625,-28.1276
1827,152.2625,-28.1276,153.0625,-27.3276
1828,152.2625,-27.3276,153.0625,-26.5276
1829,152.2625,-26.5276,153.0625,-25.7276
1830,152.2625,-25.7276,153.0625,-24.9276
1831,152.2625,-24.9276,153.0625,-24.1276
1832,152.2625,-24.1276,153.0625,-23.3276
1833,152.2625,-23.3276,153.0625,-22.5276
1834,152.2625,-22.5276,153.0625,-21.7276
1835,152.2625,-21.7276,153.0625,-20.9276
1836,152.2625,-20.9276,153.0625,-20.1276
1837,152.2625,-20.1276,153.0625,-19.3276
1838,152.2625,-19.3276,153.0625,-18.5276
1839,152.2625,-18.5276,153.0625,-17.7276
1840,152.2625,-17.7276,153.0625,-16.9276
1841,152.2625,-16.9276,153.0625,-16.1276
1842,152.2625,-16.1276,153.0625,-15.3276
1843,152.2625,-15.3276,153.0625,-14.5276
1844,152.2625,-14.5276,153.0625,-13.7276
1845,152.2625,-13.7276,153.0625,-12.9276
1846,152.2625,-12.9276,153.0625,-12.1276
1847,152.2625,-12.1276,153.0625,-11.3276
1848,152.2625,-11.3276,153.0625,-10.5276
1849,152.2625,-10.5276,153.0625,-9.7276
1850,153.0625,-39.3276,153.8625,-38.5276
1851,153.0625,-38.5276,153.8625,-37.7276
1852,153.0625,-37.7276,153.8625,-36.9276
1853,153.0625,-36.9276,153.8625,-36.1276
1854,153.0625,-36.1276,153.8625,-35.3276
1855,153.0625,-35.3276,153.8625,-34.5276
1856,153.0625,-34.5276,153.8625,-33.7276
1857,153.0625,-33.7276,153.8625,-32.9276
1858,153.0625,-32.9276,153.8625,-32.1276
1859,153.0625,-32.1276,153.8625,-31.3276
1860,153.0625,-31.3276,153.8625,-30.5276
1861,153.0625,-30.5276,153.8625,-29.7276
1862,153.0625,-29.7276,153.8625,-28.9276
1863,153.0625,-28.9276,153.8625,-28.1276
1864,153.0625,-28.1276,153.8625,-27.3276
1865,153.0625,-27.3276,153.8625,-26.5276
1866,153.0625,-26.5276,153.8625,-25.7276
1867,153.0625,-25.7276,153.8625,-24.9276
1868,153.0625,-24.9276,153.8625,-24.1276
1869,153.0625,-24.1276,153.8625,-23.3276
1870,153.0625,-23.3276,153.8625,-22.5276
1871,153.0625,-22.5276,153.8625,-21.7276
1872,153.0625,-21.7276,153.8625,-20.9276
1873,153.0625,-20.9276,153.8625,-20.1276
1874,153.0625,-20.1276,153.8625,-19.3276
1875,153.0625,-19.3276,153.8625,-18.5276
1876,153.0625,-18.5276,153.8625,-17.7276
1877,153.0625,-17.7276,153.8625,-16.9276
1878,153.0625,-16.9276,153.8625,-16.1276
1879,153.0625,-16.1276,153.8625,-15.3276
1880,153.0625,-15.3276,153.8625,-14.5276
1881,153.0625,-14.5276,153.8625,-13.7276
1882,153.0625,-13.7276,153.8625,-12.9276
1883,153.0625,-12.9276,153.8625,-12.1276
1884,153.0625,-12.1276,153.8625,-11.3276
1885,153.0625,-11.3276,153.8625,-10.5276
1886,153.0625,-10.5276,153.8625,-9.7276
1887,153.8625,-39.3276,154.6625,-38.5276
1888,153.8625,-38.5276,154.6625,-37.7276
1889,153.8625,-37.7276,154.6625,-36.9276
1890,153.8625,-36.9276,154.6625,-36.1276
1891,153.8625,-36.1276,154.6625,-35.3276
1892,153.8625,-35.3276,154.6625,-34.5276
1893,153.8625,-34.5276,154.6625,-33.7276
1894,153.8625,-33.7276,154.6625,-32.9276
1895,153.8625,-32.9276,154.6625,-32.1276
1896,153.8625,-32.1276,154.6625,-31.3276
1897,153.8625,-31.3276,154.6625,-30.5276
1898,153.8625,-30.5276,154.6625,-29.7276
1899,153.8625,-29.7276,154.6625,-28.9276
1900,153.8625,-28.9276,154.6625,-28.1276
1901,153.8625,-28.1276,154.6625,-27.3276
1902,153.8625,-27.3276,154.6625,-26.5276
1903,153.8625,-26.5276,154.6625,-25.7276
1904,153.8625,-25.7276,154.6625,-24.9276
1905,153.8625,-24.9276,154.6625,-24.1276
1906,153.8625,-24.1276,154.6625,-23.3276
1907,153.8625,-23.3276,154.6625,-22.5276
1908,153.8625,-22.5276,154.6625,-21.7276
1909,153.8625,-21.7276,154.6625,-20.9276
1910,153.8625,-20.9276,154.6625,-20.1276
1911,153.8625,-20.1276,154.6625,-19.3276
1912,153.8625,-19.3276,154.6625,-18.5276
1913,153.8625,-18.5276,154.6625,-17.7276
1914,153.8625,-17.7276,154.6625,-16.9276
1915,153.8625,-16.9276,154.6625,-16.1276
1916,153.8625,-16.1276,154.6625,-15.3276
1917,153.8625,-15.3276,154.6625,-14.5276
1918,153.8625,-14.5276,154.6625,-13.7276
1919,153.8625,-13.7276,154.6625,-12.9276
1920,153.8625,-12.9276,154.6625,-12.1276
1921,153.8625,-12.1276,154.6625,-11.3276
1922,153.8625,-11.3276,154.6625,-10.5276
1923,153.8625,-10.5276,154.6625,-9.7276
